denumire,status,stare,tip,remediere,culoare,Lat,Long
S.C.CETA S.A.(VALROM),functionale,Functionare normala,-,,#008217,44.426657,25.978547
S.C. PROSILG SRL,functionale,Functionare normala,-,,#008217,44.426657,25.978547
ITALO-CONVEST,functionale,Functionare normala,-,,#008217,44.427027,25.980809
UNITRANS SA,functionale,Functionare normala,-,,#008217,44.430456,25.983943
Loc ICPB,functionale,Functionare normala,-,,#008217,44.432153384246,25.989281709262
"Liceul Tehnologic ""Petru Poni""",functionale,Functionare normala,-,,#008217,44.432626,25.989996
C.I.T.A.M.,functionale,Functionare normala,-,,#008217,44.431591,25.990891
SERE ADP sect. 6,functionale,Functionare normala,-,,#008217,44.421806,25.991825
15 Păcii,functionale,Functionare normala,-,,#008217,44.433155153597,25.997762590785
S.C. BRAVO GROUP,functionale,Functionare normala,-,,#008217,44.426119,25.999315
Ansamblul TEN BLOCKS,functionale,Functionare normala,-,,#008217,44.432575,25.999565
Tiger Amira SRL (MADERA GRUP),functionale,Functionare normala,-,,#008217,44.426682,25.999648
SC AUTOCENTER SA,functionale,Functionare normala,-,,#008217,44.432907,26.000205
DACIA SERVICE SA,functionale,Functionare normala,-,,#008217,44.431919,26.000323
2 Roșu,functionale,Functionare normala,-,,#008217,44.439517085409,26.003813932712
RATB-ETA - Autobaza Militari,functionale,Functionare normala,-,,#008217,44.433033,26.003878
PT ALCAZ,functionale,Functionare normala,-,,#008217,44.42945406203,26.004468982079
14 Păcii,functionale,Functionare normala,-,,#008217,44.433220051511,26.005008634444
1 Roșu,functionale,Functionare normala,-,,#008217,44.43783,26.00627
10 Liniei,functionale,Functionare normala,-,,#008217,44.429674878808,26.009597261515
1 Îndesirii,functionale,Functionare normala,-,,#008217,44.435356266626,26.009650745456
MILITARI - 1 Placare,functionale,Functionare normala,-,,#008217,44.43312,26.00987
Depoul STB Bujoreni,functionale,Functionare normala,-,,#008217,44.426732,26.011662
12 Maratonului,functionale,Functionare normala,-,,#008217,44.438169262693,26.012156178621
"Gradinita 195 - ""Prichindel""",functionale,Functionare normala,-,,#008217,44.432914,26.012347
Dacia Ocazie (Automecanica),functionale,Functionare normala,-,,#008217,44.429805,26.012588
SC 14,functionale,Functionare normala,-,,#008217,44.4408224,26.0138075
Cămin RADET - ApaNova,functionale,Functionare normala,-,,#008217,44.44316,26.014
Școala Gimnazială Regina Maria nr. 198,functionale,Functionare normala,-,,#008217,44.43696,26.01422
7/5,functionale,Functionare normala,-,,#008217,44.419212431594,26.014243749484
MILITARI - 9 Placare,functionale,Functionare normala,-,,#008217,44.43117824529,26.014246680552
Bloc 50,functionale,Functionare normala,-,,#008217,44.43739,26.0147
11/4,functionale,Functionare normala,-,,#008217,44.422037605437,26.014963508887
11 Liniei,functionale,Functionare normala,-,,#008217,44.430284354822,26.014993733884
MILITARI - 2 Placare,functionale,Functionare normala,-,,#008217,44.433288752736,26.015007712397
2 Îndesirii,functionale,Functionare normala,-,,#008217,44.43496057023,26.015090540469
SC 8/9,functionale,Functionare normala,-,,#008217,44.4353905,26.0160857
15 Apusului,functionale,Functionare normala,-,,#008217,44.44021,26.01624
12/4,functionale,Functionare normala,-,,#008217,44.425079838226,26.016326119452
11 Mărgelelor,functionale,Functionare normala,-,,#008217,44.441397023426,26.017131544625
4/6,functionale,Functionare normala,-,,#008217,44.414451599121,26.01756
8/5,functionale,Functionare normala,-,,#008217,44.420517078305,26.018216034686
SC 11,functionale,Functionare normala,-,,#008217,44.4389186,26.0183566
5/5,avarii,Lucrari pe circuit primar in incinta PT,Oprire ACC,23.08.2024 19:30,#e0002b,44.417144963714,26.018762433606
10 Aragonitului,functionale,Functionare normala,-,,#008217,44.440230831727,26.018854271853
13/4,functionale,Functionare normala,-,,#008217,44.424621801435,26.019151129798
10/4,functionale,Functionare normala,-,,#008217,44.422454302808,26.019228454795
SC 6/7,functionale,Functionare normala,-,,#008217,44.435827,26.0192828
3/6,functionale,Functionare normala,-,,#008217,44.413673400879,26.0202
8 Ghirlandei,functionale,Functionare normala,-,,#008217,44.438951839426,26.02096827993
MILITARI - 3 Placare,functionale,Functionare normala,-,,#008217,44.433169783021,26.021009052018
MILITARI - 3A Placare,functionale,Functionare normala,-,,#008217,44.433265546856,26.021196806637
12 Liniei,functionale,Functionare normala,-,,#008217,44.430771176455,26.021219441191
Secția de Poliție nr. 21,functionale,Functionare normala,-,,#008217,44.43664,26.02168
2/6,functionale,Functionare normala,-,,#008217,44.414833068848,26.02181
2/7,functionale,Functionare normala,-,,#008217,44.418199484006,26.02238357016
7 Lavandei,functionale,Functionare normala,-,,#008217,44.440072467637,26.022741731414
SC 4/5,functionale,Functionare normala,-,,#008217,44.4360567,26.0229967
1/7,functionale,Functionare normala,-,,#008217,44.42126754175,26.023064755533
UM 0276 (0333),functionale,Functionare normala,-,,#008217,44.433415,26.023301
NEFAMILISTI,deficiente,Lipsa parametri pentru livrare apă caldă de consum,Deficienta ACC,23.08.2024 20:00,#ffe53e,44.42721177917,26.023468217542
5 Desișului,functionale,Functionare normala,-,,#008217,44.43489925829,26.023706494037
9/4,functionale,Functionare normala,-,,#008217,44.42592757058,26.023833634794
MILITARI - 8 Placare,functionale,Functionare normala,-,,#008217,44.43172205503,26.024172872103
SERE ADP sect. 5,functionale,Functionare normala,-,,#008217,44.40818,26.025608
4 Roșia Montană,functionale,Functionare normala,-,,#008217,44.43741,26.02566
6 Roșia Montană,functionale,Functionare normala,-,,#008217,44.438843977732,26.025660298302
ALPAB BIROURI Ghencea,functionale,Functionare normala,-,,#008217,44.408655,26.026053
SERE ALPAB Ghencea,functionale,Functionare normala,-,,#008217,44.408655,26.026053
UM 0456 (JAND.),functionale,Functionare normala,-,,#008217,44.429629,26.026342
UM 0230 (SAD),functionale,Functionare normala,-,,#008217,44.429629,26.026342
3/7,functionale,Functionare normala,-,,#008217,44.4188427,26.02692112
4/7,functionale,Functionare normala,-,,#008217,44.42169835223,26.027007401616
SC 1/3,functionale,Functionare normala,-,,#008217,44.426407215699,26.027352755069
SC 2/3,functionale,Functionare normala,-,,#008217,44.424825710129,26.027459069307
MILITARI - 4 Placare,functionale,Functionare normala,-,,#008217,44.432847663079,26.027489847615
1/7',functionale,Functionare normala,-,,#008217,44.41661256,26.0277227
3 Dreptății,functionale,Functionare normala,-,,#008217,44.4371,26.02776
3/7',functionale,Functionare normala,-,,#008217,44.413681030273,26.027856
MILITARI - 7 Placare,functionale,Functionare normala,-,,#008217,44.431643490056,26.028715673841
Grădinița nr. 250,functionale,Functionare normala,-,,#008217,44.43813,26.02987
2 Veteranilor,functionale,Functionare normala,-,,#008217,44.436340959676,26.030493178573
3 Virtuții,functionale,Functionare normala,-,,#008217,44.436352149169,26.030516679265
SC 4/3,functionale,Functionare normala,-,,#008217,44.42381426852,26.031043593722
2/7',functionale,Functionare normala,-,,#008217,44.416145324707,26.03119
SC 3/3,functionale,Functionare normala,-,,#008217,44.425688835247,26.031213842144
4 Virtuții,functionale,Functionare normala,-,,#008217,44.441178047714,26.031357548666
2 Virtuții,functionale,Functionare normala,-,,#008217,44.439116515733,26.031849327137
4/7',functionale,Functionare normala,-,,#008217,44.417213439941,26.03202
Ct Desisului,functionale,Functionare normala,-,,#008217,44.444515228271,26.032051086426
13 Liniei,functionale,Functionare normala,-,,#008217,44.43204,26.03209
MILITARI - 5A Placare,functionale,Functionare normala,-,,#008217,44.43271,26.03239
MILITARI - 5 Placare,functionale,Functionare normala,-,,#008217,44.43271428651,26.032447066554
1 Veteranilor,functionale,Functionare normala,-,,#008217,44.43627373843,26.03262811854
1 Virtuții,functionale,Functionare normala,-,,#008217,44.437685374078,26.033021468157
8 Virtuții,functionale,Functionare normala,-,,#008217,44.443182283719,26.033371920951
Anchor Group,functionale,Functionare normala,-,,#008217,44.428041,26.035828
6/2,deficiente,Lipsa parametri pentru livrare apă caldă de consum,Deficienta ACC,23.08.2024 20:00,#ffe53e,44.426903832708,26.035865038927
3 Uverturii,functionale,Functionare normala,-,,#008217,44.4347554,26.0360035
5 Virtuții,functionale,Functionare normala,-,,#008217,44.43934,26.03602
SC 6/2,functionale,Functionare normala,-,,#008217,44.42692565918,26.036109
"Grădinița nr. 197, Școala nr. 117, Grădinița nr. 46",functionale,Functionare normala,-,,#008217,44.437649,26.036955
6/8,functionale,Functionare normala,-,,#008217,44.418546818548,26.036987910245
TELEKOM (SC Romtelecom SA),functionale,Functionare normala,-,,#008217,44.421919,26.037826
Depou Metrou Ciurel,functionale,Functionare normala,-,,#008217,44.440743,26.03786
7 Virtuții,functionale,Functionare normala,-,,#008217,44.44159,26.03789
2 Bucurestii Noi,functionale,Functionare normala,-,,#008217,44.485253685485,26.037961082459
1 Bucurestii Noi,functionale,Functionare normala,-,,#008217,44.487646,26.038117
1/8,functionale,Functionare normala,-,,#008217,44.422069819518,26.038736567864
Sere POLITEHNICA,functionale,Functionare normala,-,,#008217,44.440132,26.038781
2 Uverturii,functionale,Functionare normala,-,,#008217,44.435078654427,26.039216416695
3/2,functionale,Functionare normala,-,,#008217,44.42399611775,26.039559592789
1 Uverturii,functionale,Functionare normala,-,,#008217,44.437333766834,26.039619252277
Ansamblul QUADRA PLACE I,functionale,Functionare normala,-,,#008217,44.439567,26.039708
4/8,functionale,Functionare normala,-,,#008217,44.419196639476,26.040015429137
2 Crivina,functionale,Functionare normala,-,,#008217,44.453487612242,26.040573269281
10 Bucurestii Noi,functionale,Functionare normala,-,,#008217,44.485008,26.040687
PT Loc. ICAB,functionale,Functionare normala,-,,#008217,44.4343974,26.0410397
G3 Giulești,functionale,Functionare normala,-,,#008217,44.46146,26.041248
ARTIM SOCOM,functionale,Functionare normala,-,,#008217,44.46387,26.04128
J Giulești,functionale,Functionare normala,-,,#008217,44.458141499999996,26.0416601
SC 7/2,functionale,Functionare normala,-,,#008217,44.427387237549,26.041791
7/2,deficiente,Lipsa parametri pentru livrare apă caldă de consum,Deficienta ACC,23.08.2024 20:00,#ffe53e,44.427387,26.041792
6 Bucurestii Noi,functionale,Functionare normala,-,,#008217,44.482855,26.042154
2/2,functionale,Functionare normala,-,,#008217,44.424630315239,26.042418514384
"Liceul Teoretic ""Tudor Vladimirescu""",functionale,Functionare normala,-,,#008217,44.43374,26.04255
2 Politehnicii,functionale,Functionare normala,-,,#008217,44.435890415618,26.042932802699
"Grădinița nr. 41, Școala Gimanziala nr. 59",functionale,Functionare normala,-,,#008217,44.41744,26.043084
Grup Gospodăresc (Gradinița),functionale,Functionare normala,-,,#008217,44.438281,26.043186
B Giulești,functionale,Functionare normala,-,,#008217,44.4619876,26.0433243
UM 0411-BCRMTEA,functionale,Functionare normala,-,,#008217,44.429837,26.043407
17-19 Bucurestii Noi,functionale,Functionare normala,-,,#008217,44.478933,26.043492
2/10,functionale,Functionare normala,-,,#008217,44.418239286309,26.043530378481
Ansamblul QUADRA PLACE II,functionale,Functionare normala,-,,#008217,44.439015,26.043583
1 Crivina,functionale,Functionare normala,-,,#008217,44.454824144279,26.043615393435
LONG BRIDGE SUNLIGHTS,functionale,Functionare normala,-,,#008217,44.439376,26.044197
2/8,functionale,Functionare normala,-,,#008217,44.422636178552,26.04442817093
3/10,functionale,Functionare normala,-,,#008217,44.416947282838,26.044735876456
3 Crivina,functionale,Functionare normala,-,,#008217,44.455289994279,26.044981731707
1 Giulești,functionale,Functionare normala,-,,#008217,44.4603136,26.0450326
Școala Gimnazială Nr. 163,functionale,Functionare normala,-,,#008217,44.46198,26.04565
MILITARI -  6 Placare,functionale,Functionare normala,-,,#008217,44.432277319311,26.045785086266
CET LABORATOR,functionale,Functionare normala,-,,#008217,44.438385,26.046109
Hrisovului,functionale,Functionare normala,-,,#008217,44.480678459507,26.046482325849
5/8,functionale,Functionare normala,-,,#008217,44.421144249979,26.046556354265
3/8,functionale,Functionare normala,-,,#008217,44.420101028481,26.046797945084
4 Crivina,functionale,Functionare normala,-,,#008217,44.454426324917,26.047247181757
UM 0780 (0350)-RAMI,functionale,Functionare normala,-,,#008217,44.430341,26.047251
Hala TTI,functionale,Functionare normala,-,,#008217,44.437358,26.047439
1/10,functionale,Functionare normala,-,,#008217,44.419097900391,26.04747
Facultatea Electrotehnica,functionale,Functionare normala,-,,#008217,44.436187,26.047777
Inst. Prospectiuni Geologic al Romaniei (Preluat de ANAF),avarii,Remediere avarie circuit primar -  Calea Grivitei,Oprire ACC,24.08.2024 23:30,#e0002b,44.467169,26.047781
8 Crivina,functionale,Functionare normala,-,,#008217,44.457527102382,26.048227757177
Facultatea de Hidroenergetică,functionale,Functionare normala,-,,#008217,44.438171,26.048603
4/10,functionale,Functionare normala,-,,#008217,44.416464507807,26.048799604653
"S.G.A. Ilfov-Bucureşti, Administratia Nationala Apele Romane)",functionale,Functionare normala,-,,#008217,44.446459,26.049077
O Chibrit,functionale,Functionare normala,-,,#008217,44.471725,26.049132
N Chibrit,functionale,Functionare normala,-,,#008217,44.471235,26.049255
S.C. AMA (ELMEF PROD),functionale,Functionare normala,-,,#008217,44.433996,26.049469
MINISTERUL ECONOMIEI (CPPIB),functionale,Functionare normala,-,,#008217,44.428641999999996,26.049566
Hala TCM,functionale,Functionare normala,-,,#008217,44.4409,26.049607
Facultatea de Mecanică,functionale,Functionare normala,-,,#008217,44.4409,26.049607
Liceul Mircea Eliade,functionale,Functionare normala,-,,#008217,44.443393,26.04977
PLAVAT,deficiente,Lipsa parametri pentru livrare apă caldă de consum,Deficienta ACC,23.08.2024 20:00,#ffe53e,44.44942855835,26.049877
MAN,functionale,Functionare normala,-,,#008217,44.423341128595,26.049942323151
MODUL TERMIC A3,functionale,Functionare normala,-,,#008217,44.4788,26.050096
MODUL TERMIC A5,functionale,Functionare normala,-,,#008217,44.481968,26.050382
D Chibrit,functionale,Functionare normala,-,,#008217,44.472168,26.050519
Colegiul Tehnic Petru Maior,functionale,Functionare normala,-,,#008217,44.428785,26.050588
ISCH,functionale,Functionare normala,-,,#008217,44.446949005127,26.050588
MODUL TERMIC Vila 10,functionale,Functionare normala,-,,#008217,44.481323,26.050592
MODUL TERMIC F4,avarii,Remediere avarie circuit primar,Oprire ACC,23.08.2024 23:30,#e0002b,44.483205,26.0506
Direcția de impozite și taxe locale Sector 6,functionale,Functionare normala,-,,#008217,44.425635,26.050609
UM 02296,functionale,Functionare normala,-,,#008217,44.433835,26.050671
MODUL TERMIC H4,functionale,Functionare normala,-,,#008217,44.480488,26.050703
MODUL TERMIC A2,functionale,Functionare normala,-,,#008217,44.478953,26.050724
MODUL TERMIC Vila 11,functionale,Functionare normala,-,,#008217,44.482092,26.050839
MODUL TERMIC A12,functionale,Functionare normala,-,,#008217,44.479724,26.050934
7 Giulești,functionale,Functionare normala,-,,#008217,44.4589043,26.051079
MODUL TERMIC A1,functionale,Functionare normala,-,,#008217,44.479201,26.051083
MODUL TERMIC Vila 3,functionale,Functionare normala,-,,#008217,44.480034,26.051088
MODUL TERMIC B3,functionale,Functionare normala,-,,#008217,44.481556,26.051114
1/1,functionale,Functionare normala,-,,#008217,44.42696762085,26.051141
MODUL TERMIC Vila 4,functionale,Functionare normala,-,,#008217,44.480327,26.0512
10 Giulești,functionale,Functionare normala,-,,#008217,44.4579871,26.0512152
MODUL TERMIC Vila 12A,functionale,Functionare normala,-,,#008217,44.482104,26.051267
Campus Studenți Noul Local UPB,functionale,Functionare normala,-,,#008217,44.438233,26.051395
MODUL TERMIC Vila 8,functionale,Functionare normala,-,,#008217,44.480969,26.051469
MODUL TERMIC Vila 2,functionale,Functionare normala,-,,#008217,44.479996,26.051531
MODUL TERMIC Vila 12B,functionale,Functionare normala,-,,#008217,44.482273,26.051637
MODUL TERMIC G5,functionale,Functionare normala,-,,#008217,44.482575,26.051637
MODUL TERMIC A13,functionale,Functionare normala,-,,#008217,44.479559,26.051656
MODUL TERMIC C3,functionale,Functionare normala,-,,#008217,44.481706,26.051687
MODUL TERMIC Vila 5,functionale,Functionare normala,-,,#008217,44.480845,26.051813
MODUL TERMIC Vila 13,functionale,Functionare normala,-,,#008217,44.482211,26.051954
MODUL TERMIC B9,functionale,Functionare normala,-,,#008217,44.480313,26.052044
5 Crivina,functionale,Functionare normala,-,,#008217,44.454914193139,26.052173115492
MODUL TERMIC Vila 7B,functionale,Functionare normala,-,,#008217,44.480597,26.052261
MODUL TERMIC D3,functionale,Functionare normala,-,,#008217,44.481652,26.052261
MODUL TERMIC Vila 9,functionale,Functionare normala,-,,#008217,44.480983,26.052355
Facultatea de Metalurgie,functionale,Functionare normala,-,,#008217,44.439355,26.052568
MODUL Vila 7A,functionale,Functionare normala,-,,#008217,44.481123,26.052725
2 Prefabricate,avarii,Remediere avarie circuit primar -  Calea Grivitei,Oprire ACC,24.08.2024 23:30,#e0002b,44.468654,26.05276
MODUL TERMIC E3,functionale,Functionare normala,-,,#008217,44.482351,26.052806
MODUL TERMIC P11,functionale,Functionare normala,-,,#008217,44.483532,26.052839
MODUL TERMIC Vila 6,functionale,Functionare normala,-,,#008217,44.480753,26.052959
MODUL TERMIC B13,functionale,Functionare normala,-,,#008217,44.480287,26.052983
9 Crivina,functionale,Functionare normala,-,,#008217,44.453035042298,26.053113541276
MODUL TERMIC F3,functionale,Functionare normala,-,,#008217,44.482443,26.053348
UM 02574 (MApN),functionale,Functionare normala,-,,#008217,44.422569,26.053464
MODUL TERMIC C9,avarii,Remediere avarie circuit primar,Oprire ACC,23.08.2024 23:30,#e0002b,44.481231,26.053522
MODUL TERMIC 4 Prefabricate Scara E,functionale,Functionare normala,-,,#008217,44.467554,26.053666
MODUL TERMIC 4 Prefabricate Scara B,functionale,Functionare normala,-,,#008217,44.467554,26.053666
STUDENTI 2,functionale,Functionare normala,-,,#008217,44.445212,26.053908
MODUL TERMIC G3,functionale,Functionare normala,-,,#008217,44.482585,26.053947
13-1 Mai,functionale,Functionare normala,-,,#008217,44.470083,26.054154
MODUL TERMIC 5 Prefabricate,functionale,Functionare normala,-,,#008217,44.466495,26.054163
7 Crivina,functionale,Functionare normala,-,,#008217,44.45506,26.05431
ZAGANESCU,functionale,Functionare normala,-,,#008217,44.446277618408,26.0543613
MODUL TERMIC Vila 17,functionale,Functionare normala,-,,#008217,44.481621,26.054493
MODUL TERMIC H3,functionale,Functionare normala,-,,#008217,44.483176,26.054498
MODUL TERMIC C13,avarii,Remediere avarie circuit primar,Oprire ACC,23.08.2024 23:30,#e0002b,44.481083,26.054535
UM 02630,functionale,Functionare normala,-,,#008217,44.431677,26.054687
Prunaru,functionale,Functionare normala,-,,#008217,44.457741539554,26.054722226752
MODUL TERMIC Vila 18-19,functionale,Functionare normala,-,,#008217,44.482511,26.054779
MODUL TERMIC 6 Prefabricate Scara B,functionale,Functionare normala,-,,#008217,44.465934,26.05491
"CSA Steaua - Sala Sport ""Mihai Viteazu"" UM 01026 (2301)",functionale,Functionare normala,-,,#008217,44.42951,26.055028
MODUL TERMIC I3,functionale,Functionare normala,-,,#008217,44.483268,26.055072
MODUL TERMIC 6 Prefabricate Scara E,functionale,Functionare normala,-,,#008217,44.465421,26.055304
MODUL TERMIC D9,functionale,Functionare normala,-,,#008217,44.481863,26.055313
MODUL TERMIC 7 Prefabricate,functionale,Functionare normala,-,,#008217,44.464848,26.055421
2’-1 Mai,functionale,Functionare normala,-,,#008217,44.470393,26.055587
6 ACM,avarii,Remediere avarie circuit primar -  Calea Grivitei,Oprire ACC,24.08.2024 23:30,#e0002b,44.464569,26.055611
MODUL TERMIC J3,functionale,Functionare normala,-,,#008217,44.483305,26.055639
2 Alexandria,avarii,"Lucrări de reparaţie a conductelor pe reţeaua termică primară - str.Sergent Nuţu Ion, str.Mihail Sebastian, str.Buzoieni",Oprire ACC,23.08.2024 23:30,#e0002b,44.403177937942,26.055751309863
MODUL TERMIC Vila 7 Bis,functionale,Functionare normala,-,,#008217,44.465004,26.055769
Stadion Giulești,functionale,Functionare normala,-,,#008217,44.45679,26.05584
STUDENTI 1,avarii,Remediere avarie circuit primar PT,Oprire ACC,23.08.2024 19:30,#e0002b,44.445331,26.055902
MFA,functionale,Functionare normala,-,,#008217,44.427234649658,26.0560035
MODUL TERMIC K3,functionale,Functionare normala,-,,#008217,44.484033,26.056185
Modul Termic D13,functionale,Functionare normala,-,,#008217,44.481894,26.056263
MODUL TERMIC Vila 23,functionale,Functionare normala,-,,#008217,44.483191,26.056296
Complex Studentesc LEU - Cămine + Fac.Electrotehnică,functionale,Functionare normala,-,,#008217,44.432552,26.056545
Creşa Popişteanu,functionale,Functionare normala,-,,#008217,44.472211,26.056609
UM1026(Regimentul de Gardă),functionale,Functionare normala,-,,#008217,44.430458,26.056726
MODUL TERMIC L3,functionale,Functionare normala,-,,#008217,44.484088,26.056734
I Grivita,avarii,Remediere avarie circuit primar -  Calea Grivitei,Oprire ACC,24.08.2024 23:30,#e0002b,44.463128,26.056843
MODUL TERMIC Vila 24,functionale,Functionare normala,-,,#008217,44.483272,26.05686
MODUL TERMIC E9,functionale,Functionare normala,-,,#008217,44.482508,26.056884
MODUL TERMIC Vila 30,functionale,Functionare normala,-,,#008217,44.482881,26.056959
MODUL TERMIC Vila 22,functionale,Functionare normala,-,,#008217,44.482016,26.057045
MODUL TERMIC Vila 29,functionale,Functionare normala,-,,#008217,44.483618,26.057204
MODUL TERMIC Vila 25,functionale,Functionare normala,-,,#008217,44.482668,26.057274
Teiuş,avarii,"Lucrări de reparaţie a conductelor pe reţeaua termică primară - str.Sergent Nuţu Ion, str.Mihail Sebastian, str.Buzoieni",Oprire ACC,23.08.2024 23:30,#e0002b,44.402295,26.057297
MODUL TERMIC Vila 26A,functionale,Functionare normala,-,,#008217,44.483229,26.057319
MODUL TERMIC M3,functionale,Functionare normala,-,,#008217,44.484118,26.057319
Locuinţe Steaua,functionale,Functionare normala,-,,#008217,44.466989,26.057461
MODUL TERMIC Vila 26B,functionale,Functionare normala,-,,#008217,44.48372,26.057633
MODUL TERMIC F13 sc.A+B,functionale,Functionare normala,-,,#008217,44.483179,26.057853
MODUL TERMIC Vila 28,functionale,Functionare normala,-,,#008217,44.483869,26.057957
MODUL TERMIC E13,functionale,Functionare normala,-,,#008217,44.482404,26.057968
S.C. Dageco Invest S.R.L.,functionale,Functionare normala,-,,#008217,44.474485,26.058074
MODUL TERMIC F13 sc.C+D,functionale,Functionare normala,-,,#008217,44.483393,26.058234
REGIE 3,functionale,Functionare normala,-,,#008217,44.444904,26.058345
MODUL TERMIC Vila 27,functionale,Functionare normala,-,,#008217,44.482892,26.058421
Popişteanu,functionale,Functionare normala,-,,#008217,44.46991257674,26.058443618095
8 Alexandria,avarii,"Lucrări de reparaţie a conductelor pe reţeaua termică primară - str.Sergent Nuţu Ion, str.Mihail Sebastian, str.Buzoieni",Oprire ACC,23.08.2024 23:30,#e0002b,44.404380559627,26.058723219777
Liceul 11 CFR,functionale,Functionare normala,-,,#008217,44.453352,26.058751
J Grivita,avarii,Remediere avarie circuit primar -  Calea Grivitei,Oprire ACC,24.08.2024 23:30,#e0002b,44.461227,26.058763
8 Margeanului,avarii,"Lucrări de reparaţie a conductelor pe reţeaua termică primară - str.Sergent Nuţu Ion, str.Mihail Sebastian, str.Buzoieni",Oprire ACC,23.08.2024 23:30,#e0002b,44.405762527794,26.059230247293
Razoare,functionale,Functionare normala,-,,#008217,44.428005,26.059298
S.C. Gersim Dinamic Real Estate S.R.L.,functionale,Functionare normala,-,,#008217,44.45424,26.059706
REGIE 4,functionale,Functionare normala,-,,#008217,44.445792,26.05989
Scoala Poligrafica,functionale,Functionare normala,-,,#008217,44.485171,26.059991
1 Drumul Sarii,avarii,"Lucrări de reparaţie a conductelor pe reţeaua termică primară - str.Sergent Nuţu Ion, str.Mihail Sebastian, str.Buzoieni",Oprire ACC,23.08.2024 23:30,#e0002b,44.419352917517,26.059991180552
REGIE 2,functionale,Functionare normala,-,,#008217,44.445941925049,26.060035
Palazul Mare,functionale,Functionare normala,-,,#008217,44.466562,26.060203
Intrarea Drumul Taberei,functionale,Functionare normala,-,,#008217,44.424038,26.061132
7 Petre Ispirescu,avarii,"Lucrări de reparaţie a conductelor pe reţeaua termică primară - str.Sergent Nuţu Ion, str.Mihail Sebastian, str.Buzoieni",Oprire ACC,23.08.2024 23:30,#e0002b,44.416427,26.061306
4 Drumul Sarii,avarii,"Lucrări de reparaţie a conductelor pe reţeaua termică primară - str.Sergent Nuţu Ion, str.Mihail Sebastian, str.Buzoieni",Oprire ACC,23.08.2024 23:30,#e0002b,44.418494402451,26.061323116694
1 Alexandria,avarii,"Lucrări de reparaţie a conductelor pe reţeaua termică primară - str.Sergent Nuţu Ion, str.Mihail Sebastian, str.Buzoieni",Oprire ACC,23.08.2024 23:30,#e0002b,44.405420487109,26.061514776772
7 Margeanului,avarii,"Lucrări de reparaţie a conductelor pe reţeaua termică primară - str.Sergent Nuţu Ion, str.Mihail Sebastian, str.Buzoieni",Oprire ACC,23.08.2024 23:30,#e0002b,44.407819,26.061609
Garoafei,avarii,"Lucrări de reparaţie a conductelor pe reţeaua termică primară - str.Sergent Nuţu Ion, str.Mihail Sebastian, str.Buzoieni",Oprire ACC,23.08.2024 23:30,#e0002b,44.403021,26.061654
Sandu Aldea,functionale,Functionare normala,-,,#008217,44.468388246699,26.061741277399
A Grant,functionale,Functionare normala,-,,#008217,44.456843,26.061751
Nabucului,avarii,"Lucrări de reparaţie a conductelor pe reţeaua termică primară - str.Sergent Nuţu Ion, str.Mihail Sebastian, str.Buzoieni",Oprire ACC,23.08.2024 23:30,#e0002b,44.42164,26.061828
6 Margeanului,avarii,"Lucrări de reparaţie a conductelor pe reţeaua termică primară - str.Sergent Nuţu Ion, str.Mihail Sebastian, str.Buzoieni",Oprire ACC,23.08.2024 23:30,#e0002b,44.408995,26.062098
10 Margeanului,avarii,"Lucrări de reparaţie a conductelor pe reţeaua termică primară - str.Sergent Nuţu Ion, str.Mihail Sebastian, str.Buzoieni",Oprire ACC,23.08.2024 23:30,#e0002b,44.413420211315,26.062189931329
2 Drumul Sarii,functionale,Functionare normala,-,,#008217,44.42270918352,26.062222656868
Agronom Seminţe,functionale,Functionare normala,-,,#008217,44.468692,26.062234
7-1 Mai,functionale,Functionare normala,-,,#008217,44.468198,26.062423
3 Drumul Sării,avarii,"Lucrări de reparaţie a conductelor pe reţeaua termică primară - str.Sergent Nuţu Ion, str.Mihail Sebastian, str.Buzoieni",Oprire ACC,23.08.2024 23:30,#e0002b,44.420991229538,26.062554241834
3 Turda,functionale,Functionare normala,-,,#008217,44.456810504696,26.062585322781
5 Margeanului,avarii,"Lucrări de reparaţie a conductelor pe reţeaua termică primară - str.Sergent Nuţu Ion, str.Mihail Sebastian, str.Buzoieni",Oprire ACC,23.08.2024 23:30,#e0002b,44.410215,26.06271
Poliția TF,functionale,Functionare normala,-,,#008217,44.448746,26.062853
6 Petre Ispirescu,avarii,"Lucrări de reparaţie a conductelor pe reţeaua termică primară - str.Sergent Nuţu Ion, str.Mihail Sebastian, str.Buzoieni",Oprire ACC,23.08.2024 23:30,#e0002b,44.415086,26.063427
3 Rahova,avarii,"Lucrări de reparaţie a conductelor pe reţeaua termică primară - str.Sergent Nuţu Ion, str.Mihail Sebastian, str.Buzoieni",Oprire ACC,23.08.2024 23:30,#e0002b,44.407012592846,26.063941035003
9 Margeanului,avarii,"Lucrări de reparaţie a conductelor pe reţeaua termică primară - str.Sergent Nuţu Ion, str.Mihail Sebastian, str.Buzoieni",Oprire ACC,23.08.2024 23:30,#e0002b,44.411109,26.064209
Modul Paulescu,functionale,Functionare normala,-,,#008217,44.430558,26.064253
4 Petre Ispirescu,avarii,"Lucrări de reparaţie a conductelor pe reţeaua termică primară - str.Sergent Nuţu Ion, str.Mihail Sebastian, str.Buzoieni",Oprire ACC,23.08.2024 23:30,#e0002b,44.417430763133,26.064395581908
4 Turda,functionale,Functionare normala,-,,#008217,44.455079369792,26.064999367196
5 Petre Ispirescu,avarii,"Lucrări de reparaţie a conductelor pe reţeaua termică primară - str.Sergent Nuţu Ion, str.Mihail Sebastian, str.Buzoieni",Oprire ACC,23.08.2024 23:30,#e0002b,44.418626206401,26.065070157523
5 Lira,functionale,Functionare normala,-,,#008217,44.422491348652,26.065089121033
Sere GRӐDINA BOTANICӐ,functionale,Functionare normala,-,,#008217,44.436683,26.065105
11 Margeanului,avarii,"Lucrări de reparaţie a conductelor pe reţeaua termică primară - str.Sergent Nuţu Ion, str.Mihail Sebastian, str.Buzoieni",Oprire ACC,23.08.2024 23:30,#e0002b,44.413174,26.065173
3 Petre Ispirescu,avarii,"Lucrări de reparaţie a conductelor pe reţeaua termică primară - str.Sergent Nuţu Ion, str.Mihail Sebastian, str.Buzoieni",Oprire ACC,23.08.2024 23:30,#e0002b,44.415103547395,26.065666162075
Primăria Sectorului 6,functionale,Functionare normala,-,,#008217,44.446201,26.065794
140 – 1 Mai,functionale,Functionare normala,-,,#008217,44.466321,26.065796
I.P.R.E.C.,functionale,Functionare normala,-,,#008217,44.479046,26.065843
IPREC,functionale,Functionare normala,-,,#008217,44.479046,26.065843
2 Petre Ispirescu,avarii,"Lucrări de reparaţie a conductelor pe reţeaua termică primară - str.Sergent Nuţu Ion, str.Mihail Sebastian, str.Buzoieni",Oprire ACC,23.08.2024 23:30,#e0002b,44.416784243165,26.066134922797
R Grivita,functionale,Functionare normala,-,,#008217,44.452892,26.066208
ROMEXPO S.A. - ITIB 1,functionale,Functionare normala,-,,#008217,44.474805,26.066449
"ITIB 1,2",functionale,Functionare normala,-,,#008217,44.474805,26.066449
Institutul de Chimie Fizică Ilie Murgulescu (ICECHIM),functionale,Functionare normala,-,,#008217,44.441502,26.066817
2 Panduri,functionale,Functionare normala,-,,#008217,44.425583,26.066935
SOFTCHIM,functionale,Functionare normala,-,,#008217,44.442283630371,26.06697
Marinescu,functionale,Functionare normala,-,,#008217,44.434689,26.066986
MINISTERUL CHIMIEI,functionale,Functionare normala,-,,#008217,44.440914154053,26.06721
MFA Panduri,functionale,Functionare normala,-,,#008217,44.427446,26.067354
"bloc 1, bloc 2 (cod PT: 50039)",avarii,"Lucrări de reparaţie a conductelor pe reţeaua termică primară - str.Sergent Nuţu Ion, str.Mihail Sebastian, str.Buzoieni",Oprire ACC,23.08.2024 23:30,#e0002b,44.420016,26.06743
Ct Eroilor 2,functionale,Functionare normala,-,,#008217,44.4317365,26.0675335
Soldat Croitoru,avarii,"Lucrări de reparaţie a conductelor pe reţeaua termică primară - str.Sergent Nuţu Ion, str.Mihail Sebastian, str.Buzoieni",Oprire ACC,23.08.2024 23:30,#e0002b,44.405528758357,26.067639004519
4 Rahova,avarii,"Lucrări de reparaţie a conductelor pe reţeaua termică primară - str.Sergent Nuţu Ion, str.Mihail Sebastian, str.Buzoieni",Oprire ACC,23.08.2024 23:30,#e0002b,44.407141162962,26.067725393401
2 Rahova,avarii,"Lucrări de reparaţie a conductelor pe reţeaua termică primară - str.Sergent Nuţu Ion, str.Mihail Sebastian, str.Buzoieni",Oprire ACC,23.08.2024 23:30,#e0002b,44.409809133109,26.067767241792
3 Sebastian,avarii,"Lucrări de reparaţie a conductelor pe reţeaua termică primară - str.Sergent Nuţu Ion, str.Mihail Sebastian, str.Buzoieni",Oprire ACC,23.08.2024 23:30,#e0002b,44.419285,26.06804
7 Sebastian,avarii,"Lucrări de reparaţie a conductelor pe reţeaua termică primară - str.Sergent Nuţu Ion, str.Mihail Sebastian, str.Buzoieni",Oprire ACC,23.08.2024 23:30,#e0002b,44.417223,26.068054
K Grivita,functionale,Functionare normala,-,,#008217,44.451418,26.06842
1 Petre Ispirescu,avarii,"Lucrări de reparaţie a conductelor pe reţeaua termică primară - str.Sergent Nuţu Ion, str.Mihail Sebastian, str.Buzoieni",Oprire ACC,23.08.2024 23:30,#e0002b,44.412716,26.068455
Ct Eroilor 1,functionale,Functionare normala,-,,#008217,44.4308904,26.0685955
Ct Salaj,functionale,Functionare normala,-,,#008217,44.395478,26.068746
Ct Rosetti,functionale,Functionare normala,-,,#008217,44.3954255,26.0688622
ICECHIM,functionale,Functionare normala,-,,#008217,44.44115447998,26.069063
CAMIN 303,functionale,Functionare normala,-,,#008217,44.44030380249,26.06918
2 Turda,functionale,Functionare normala,-,,#008217,44.458148725265,26.069306735287
Institut Igienă,functionale,Functionare normala,-,,#008217,44.436234,26.069331
126-1 Mai,functionale,Functionare normala,-,,#008217,44.464872,26.069466
7 Dinicu Golescu,functionale,Functionare normala,-,,#008217,44.448462,26.069617
PT IPROCHIM,functionale,Functionare normala,-,,#008217,44.44307,26.069872
1 Turda,functionale,Functionare normala,-,,#008217,44.460831279839,26.070118076364
ASAS,functionale,Functionare normala,-,,#008217,44.472439,26.070128
SC 1/2,functionale,Functionare normala,-,,#008217,44.443283081055,26.070346
Av. Sanatescu,functionale,Functionare normala,-,,#008217,44.46557,26.070469
1 Titulescu,functionale,Functionare normala,-,,#008217,44.452098,26.070794
6 Sebastian,avarii,"Lucrări de reparaţie a conductelor pe reţeaua termică primară - str.Sergent Nuţu Ion, str.Mihail Sebastian, str.Buzoieni",Oprire ACC,23.08.2024 23:30,#e0002b,44.414421595696,26.07084059149
2 Titulescu,functionale,Functionare normala,-,,#008217,44.450809,26.071028
DTM,functionale,Functionare normala,-,,#008217,44.463692,26.071292
2-1 Mai,functionale,Functionare normala,-,,#008217,44.461927683738,26.071466776364
150 Grivita,functionale,Functionare normala,-,,#008217,44.449723,26.071521
1 Panduri,deficiente,Lipsa parametri pentru livrare apă caldă de consum,Deficienta ACC,23.08.2024 20:00,#ffe53e,44.423743263416,26.071555777041
156 Grivita,functionale,Functionare normala,-,,#008217,44.449731,26.071612
MODUL TERMIC Witting,functionale,Functionare normala,-,,#008217,44.442853,26.071616
6 Rahova,avarii,"Lucrări de reparaţie a conductelor pe reţeaua termică primară - str.Sergent Nuţu Ion, str.Mihail Sebastian, str.Buzoieni",Oprire ACC,23.08.2024 23:30,#e0002b,44.409858176973,26.071649205607
1 Rahova,avarii,"Lucrări de reparaţie a conductelor pe reţeaua termică primară - str.Sergent Nuţu Ion, str.Mihail Sebastian, str.Buzoieni",Oprire ACC,23.08.2024 23:30,#e0002b,44.412972402048,26.071761534219
Spital Municipal,functionale,Functionare normala,-,,#008217,44.436346,26.071948
Vicina,avarii,"Lucrări de reparaţie a conductelor pe reţeaua termică primară - str.Sergent Nuţu Ion, str.Mihail Sebastian, str.Buzoieni",Oprire ACC,23.08.2024 23:30,#e0002b,44.406575891751,26.072021090262
Depozit Medicamente,functionale,Functionare normala,-,,#008217,44.46588,26.072363
UNIFARM,functionale,Functionare normala,-,,#008217,44.46588,26.072363
Garnizoana,functionale,Functionare normala,-,,#008217,44.445508,26.072436
Unitatea Militara 02122 Bucuresti,functionale,Functionare normala,-,,#008217,44.445202,26.072578
Tudor Vladimirescu,deficiente,Lipsa parametri pentru livrare apă caldă de consum,Deficienta ACC,23.08.2024 20:00,#ffe53e,44.422236390803,26.07291749147
Spitalul Militar Central,functionale,Functionare normala,-,,#008217,44.442386,26.073176
3 Dinicu Golescu,functionale,Functionare normala,-,,#008217,44.445855,26.073419
Miciurin,functionale,Functionare normala,-,,#008217,44.46349,26.073685
148 Grivita,functionale,Functionare normala,-,,#008217,44.448787,26.073705
Gara de Nord,functionale,Functionare normala,-,,#008217,44.447609,26.073923
Primaria Sectorului 1,functionale,Functionare normala,-,,#008217,44.453872,26.073971
2 Sălaj,avarii,"Lucrări de reparaţie a conductelor pe reţeaua termică primară - str.Sergent Nuţu Ion, str.Mihail Sebastian, str.Buzoieni",Oprire ACC,23.08.2024 23:30,#e0002b,44.406429200569,26.07423868657
146 Grivita,functionale,Functionare normala,-,,#008217,44.448366,26.074409
Club Steaua,functionale,Functionare normala,-,,#008217,44.440007,26.074465
Spitalul Elias,functionale,Functionare normala,-,,#008217,44.465167,26.074533
3 Sălaj,avarii,"Lucrări de reparaţie a conductelor pe reţeaua termică primară - str.Sergent Nuţu Ion, str.Mihail Sebastian, str.Buzoieni",Oprire ACC,23.08.2024 23:30,#e0002b,44.403277768506,26.074804817897
2 Ferentari,avarii,"Lucrări de reparaţie a conductelor pe reţeaua termică primară - str.Sergent Nuţu Ion, str.Mihail Sebastian, str.Buzoieni",Oprire ACC,23.08.2024 23:30,#e0002b,44.412463447087,26.075045077416
1 din 13 Septembrie,deficiente,Lipsa parametri pentru livrare apă caldă de consum,Deficienta ACC,23.08.2024 20:00,#ffe53e,44.424901860922,26.075102595166
1 Sălaj,functionale,Functionare normala,-,,#008217,44.409725099236,26.075109562074
3 Titulescu,functionale,Functionare normala,-,,#008217,44.45218,26.075444
6-1 Mai,functionale,Functionare normala,-,,#008217,44.463146908263,26.075447858526
Nicolae Racotă,functionale,Functionare normala,-,,#008217,44.463146908263,26.075447858526
MODUL TERMIC Vila 45,functionale,Functionare normala,-,,#008217,44.450728,26.07551
Iacob Negruzzi,functionale,Functionare normala,-,,#008217,44.450728,26.07551
B Dinicu Golescu,functionale,Functionare normala,-,,#008217,44.444327,26.075622
1 Banu Manta,functionale,Functionare normala,-,,#008217,44.455159022004,26.0756306878
9-1 Mai,functionale,Functionare normala,-,,#008217,44.458875,26.075837
5-1 Mai,functionale,Functionare normala,-,,#008217,44.460045,26.076042
Sora,functionale,Functionare normala,-,,#008217,44.44814,26.076057
3-11 Duca,functionale,Functionare normala,-,,#008217,44.44814,26.076057
2 din 13 Septembrie,deficiente,Lipsa parametri pentru livrare apă caldă de consum,Deficienta ACC,23.08.2024 20:00,#ffe53e,44.423782682013,26.076210362054
2 Banu Manta,functionale,Functionare normala,-,,#008217,44.454132576451,26.076361108355
Hotel Dunarea,functionale,Functionare normala,-,,#008217,44.447669,26.076376
Muzeul Militar,functionale,Functionare normala,-,,#008217,44.441557,26.076406
"Școala Gimnazială ,,Nicolae Titulescu”",functionale,Functionare normala,-,,#008217,44.45277,26.07649
D3 Gara,functionale,Functionare normala,-,,#008217,44.446825,26.076773
Ct Ferentari 72,functionale,Functionare normala,-,,#008217,44.404549,26.0769497
4 Sălaj,avarii,"Lucrări de reparaţie a conductelor pe reţeaua termică primară - str.Sergent Nuţu Ion, str.Mihail Sebastian, str.Buzoieni",Oprire ACC,23.08.2024 23:30,#e0002b,44.408497420113,26.07699868657
Ct Baneasa agronomi,functionale,Functionare normala,-,,#008217,44.4947215,26.0770449
Palatul CFR,functionale,Functionare normala,-,,#008217,44.444102,26.077138
3 Ferentari,avarii,"Lucrări de reparaţie a conductelor pe reţeaua termică primară - str.Sergent Nuţu Ion, str.Mihail Sebastian, str.Buzoieni",Oprire ACC,23.08.2024 23:30,#e0002b,44.412249424584,26.07737359091
10-22 Duca,functionale,Functionare normala,-,,#008217,44.448786,26.077618
10-1 Mai,functionale,Functionare normala,-,,#008217,44.457328,26.077704
A Gara,functionale,Functionare normala,-,,#008217,44.445302,26.077775
Ct Vistea,functionale,Functionare normala,-,,#008217,44.3922828,26.0778187
6 Sălaj,avarii,"Lucrări de reparaţie a conductelor pe reţeaua termică primară - str.Sergent Nuţu Ion, str.Mihail Sebastian, str.Buzoieni",Oprire ACC,23.08.2024 23:30,#e0002b,44.408966,26.078203
9 Titulescu,functionale,Functionare normala,-,,#008217,44.452477,26.078511
7 Clucerului,functionale,Functionare normala,-,,#008217,44.458744,26.07863
S.C. Informatica Feroviara S.A.,functionale,Functionare normala,-,,#008217,44.443752,26.078679
Ministerul de Chimie (Inst.Politehnic Polizu),functionale,Functionare normala,-,,#008217,44.448616,26.07883
4 Chirigiu,avarii,"Lucrări de reparaţie a conductelor pe reţeaua termică primară - str.Sergent Nuţu Ion, str.Mihail Sebastian, str.Buzoieni",Oprire ACC,23.08.2024 23:30,#e0002b,44.414500986252,26.078861197097
6 Chirigiu,avarii,"Lucrări de reparaţie a conductelor pe reţeaua termică primară - str.Sergent Nuţu Ion, str.Mihail Sebastian, str.Buzoieni",Oprire ACC,23.08.2024 23:30,#e0002b,44.416788864916,26.079139902556
Ct Stirbei Voda,functionale,Functionare normala,-,,#008217,44.439713,26.079397
12-1 Mai,functionale,Functionare normala,-,,#008217,44.454305,26.079518
Ct Aleea Trandafirilor,functionale,Functionare normala,-,,#008217,44.4665406,26.0796532
Veronica Micle,functionale,Functionare normala,-,,#008217,44.450703301752,26.079921424412
Ct Scoala Ferentari,functionale,Functionare normala,-,,#008217,44.3924765,26.0802475
8-1 Mai,functionale,Functionare normala,-,,#008217,44.456249,26.080646
Univ. Stiinte Agronom. si Med. Veterinara Buc.- Facultatea de Biotehnologii (CIOS),functionale,Functionare normala,-,,#008217,44.433442,26.080721
Ct Baneasa 1,functionale,Functionare normala,-,,#008217,44.4921402,26.0809988
3 din 13 Septembrie,deficiente,Lipsa parametri pentru livrare apă caldă de consum,Deficienta ACC,23.08.2024 20:00,#ffe53e,44.424305273891,26.081255079824
Doina,avarii,"Lucrări de reparaţie a conductelor pe reţeaua termică primară - str.Sergent Nuţu Ion, str.Mihail Sebastian, str.Buzoieni",Oprire ACC,23.08.2024 23:30,#e0002b,44.408684,26.081339
Grădiniţa Nr.268 Scoala Nr.128,functionale,Functionare normala,-,,#008217,44.423287,26.081435
Hotel CONTINENTAL,functionale,Functionare normala,-,,#008217,44.429852,26.08192
Atelier Vicarb,functionale,Functionare normala,-,,#008217,44.449766,26.082168
2 P-ta Victoriei,functionale,Functionare normala,-,,#008217,44.451489269822,26.082532012598
MApN,functionale,Functionare normala,-,,#008217,44.429295,26.082604
5 Chirigiu,avarii,"Lucrări de reparaţie a conductelor pe reţeaua termică primară - str.Sergent Nuţu Ion, str.Mihail Sebastian, str.Buzoieni",Oprire ACC,23.08.2024 23:30,#e0002b,44.416499595498,26.082742952836
Ct Baneasa 2,functionale,Functionare normala,-,,#008217,44.4917551,26.0828596
Ct Pavel Constantin,functionale,Functionare normala,-,,#008217,44.3900175,26.0830356
Ct Ferentari Depou,functionale,Functionare normala,-,,#008217,44.3881308,26.0841628
Ct Baciului,functionale,Functionare normala,-,,#008217,44.3852913,26.0847566
Inst. Geologic al Romaniei - I.G.R. Muzeul Geologic National,functionale,Functionare normala,-,,#008217,44.454905,26.085405
3 P-Ţa Victoriei,functionale,Functionare normala,-,,#008217,44.451267,26.085642
Modul Toporaşi,avarii,Revizie Tehnică CTE Progresu - lipsă parametri pentru livrare apă caldă de consum,Oprire ACC,30.09.2024 23:30,#e0002b,44.391247,26.08617
CASA ACADEMIEI,functionale,Functionare normala,-,,#008217,44.422466,26.087029
Ct Paunasul Codrilor,functionale,Functionare normala,-,,#008217,44.4016134,26.0871995
Aviatorilor & Office Building S.R.L,functionale,Functionare normala,-,,#008217,44.454089,26.087229
2 Ilie Pintilie,functionale,Functionare normala,-,,#008217,44.451554,26.089796
9 Farado,functionale,Functionare normala,-,,#008217,44.385945117558,26.089946635982
6 Farado,functionale,Functionare normala,-,,#008217,44.38686381063,26.090820702892
Giurgiu Farado,functionale,Functionare normala,-,,#008217,44.385540131115,26.091000978619
Izvorul Cosbuc,functionale,Functionare normala,-,,#008217,44.422754,26.0911198
1 Ilie Pintilie,functionale,Functionare normala,-,,#008217,44.452955,26.091503
Ct Doctor Sion,functionale,Functionare normala,-,,#008217,44.439425,26.0917943
12 Giurgiu,functionale,Functionare normala,-,,#008217,44.3904048,26.0918888
103A,functionale,Functionare normala,-,,#008217,44.430967,26.091934
11 Giurgiu,functionale,Functionare normala,-,,#008217,44.3909303,26.092184
1 Giurgiu,functionale,Functionare normala,-,,#008217,44.3925916653,26.092301441168
Ct Victoriei,functionale,Functionare normala,-,,#008217,44.4426509,26.0926711
Ct Luterana,functionale,Functionare normala,-,,#008217,44.4388049,26.0932006
Ct Viilor,functionale,Functionare normala,-,,#008217,44.4079566,26.0933466
Modul Termic - Grădinița nr.228,functionale,Functionare normala,-,,#008217,44.385615,26.09404
2 Serban Voda,avarii,Remediere avarie circuit primar   - Conducta DN 700mm- Piata Eroii Revolutiei cu Bd. Pieptanari,Oprire ACC,24.08.2024 15:30,#e0002b,44.407206059668,26.09422245347
6 Aviatiei,functionale,Functionare normala,-,,#008217,44.485363,26.094529
Modul Termic - Grădinița nr.62,functionale,Functionare normala,-,,#008217,44.3832572,26.0946219
Tudor Gociu,functionale,Functionare normala,-,,#008217,44.373998980552,26.094622082873
Modul Termic - Școala nr.119,functionale,Functionare normala,-,,#008217,44.383198,26.094632
Modul Termic - Grădinița nr.243,functionale,Functionare normala,-,,#008217,44.38183,26.09484
Beller Bitolia,functionale,Functionare normala,-,,#008217,44.461315,26.095018
Ct Gemeni 2,functionale,Functionare normala,-,,#008217,44.4299056,26.0950473
1 Aviatiei,functionale,Functionare normala,-,,#008217,44.480481144407,26.095073647493
Ct Gemeni 1,functionale,Functionare normala,-,,#008217,44.4298825,26.0950782
V.S.Sud,deficiente,Lipsa parametrii pentru livrare apă caldă de consum,Deficienta ACC,23.08.2024 23:30,#ffe53e,44.4263824,26.0952135
Ct Turn Palat,functionale,Functionare normala,-,,#008217,44.4373913,26.0952268
Ct Amzei,functionale,Functionare normala,-,,#008217,44.4433436,26.0953565
Almașul Mare,functionale,Functionare normala,-,,#008217,44.383011080574,26.095455589788
5 Aviatiei,functionale,Functionare normala,-,,#008217,44.485812427579,26.095541252097
Spinis,functionale,Functionare normala,-,,#008217,44.3848738,26.0955769
Pieptanari,avarii,Remediere avarie circuit primar   - Conducta DN 700mm- Piata Eroii Revolutiei cu Bd. Pieptanari,Oprire ACC,24.08.2024 15:30,#e0002b,44.4044139,26.095686
VSNord,functionale,Functionare normala,-,,#008217,44.427534,26.096176
Gioconda,functionale,Functionare normala,-,,#008217,44.428604,26.096243
2 Giurgiu,functionale,Functionare normala,-,,#008217,44.39508619812,26.096327333861
Urziceni,functionale,Functionare normala,-,,#008217,44.38011590466,26.096506070751
Livada Noua,functionale,Functionare normala,-,,#008217,44.391970416785,26.096548571872
Scoala Generala Nr.308 - Sala Sport,functionale,Functionare normala,-,,#008217,44.3857631,26.0965993
4 Aviatiei,functionale,Functionare normala,-,,#008217,44.483273237609,26.096636334391
Ct 18 A,functionale,Functionare normala,-,,#008217,44.4376471,26.0967603
Modul Termic - Școala nr.165,functionale,Functionare normala,-,,#008217,44.3796615,26.0972968
2 Dorobanti,functionale,Functionare normala,-,,#008217,44.454707,26.097312
Ct Protopopescu,functionale,Functionare normala,-,,#008217,44.4635696,26.0973931
Ct Dorobanti,functionale,Functionare normala,-,,#008217,44.4561418,26.097922
Casata,functionale,Functionare normala,-,,#008217,44.445504,26.098069
Ct Magheru 7-9,functionale,Functionare normala,-,,#008217,44.4426637,26.0980817
12 Gostat,functionale,Functionare normala,-,,#008217,44.452639,26.098333
1 Stoian Militaru,avarii,Remediere avarie circuit primar   - Conducta DN 700mm- Piata Eroii Revolutiei cu Bd. Pieptanari,Oprire ACC,24.08.2024 15:30,#e0002b,44.399987462908,26.098421911171
Tribunal,functionale,Functionare normala,-,,#008217,44.428549,26.098555
61-63 Dorobanti,functionale,Functionare normala,-,,#008217,44.450254,26.098833
1 Serban Voda,avarii,Remediere avarie circuit primar   - Conducta DN 700mm- Piata Eroii Revolutiei cu Bd. Pieptanari,Oprire ACC,24.08.2024 15:30,#e0002b,44.411041346985,26.098865614202
2 Aviatiei,functionale,Functionare normala,-,,#008217,44.480132787097,26.098884270277
11 Dorobanti,functionale,Functionare normala,-,,#008217,44.448236,26.099704
Perla,functionale,Functionare normala,-,,#008217,44.453627,26.099794
Radu Beller,functionale,Functionare normala,-,,#008217,44.462775003786,26.099819753058
CT Stoian Militaru,functionale,Functionare normala,-,,#008217,44.3950411,26.0998712
Cosmonautilor,functionale,Functionare normala,-,,#008217,44.444995,26.099916
Luica,functionale,Functionare normala,-,,#008217,44.379829215217,26.100213069996
CT Floreasca,functionale,Functionare normala,-,,#008217,44.4628711,26.1002561
2 Vifornita,functionale,Functionare normala,-,,#008217,44.385130342076,26.100341665398
3 Aviatiei,functionale,Functionare normala,-,,#008217,44.483988987903,26.100412519401
Floreasca,functionale,Functionare normala,-,,#008217,44.460711,26.100444
Garajul Parlamentului,functionale,Functionare normala,-,,#008217,44.4181169,26.1004637
Ct Scala,functionale,Functionare normala,-,,#008217,44.4404041,26.1006095
Ct Dunarea,functionale,Functionare normala,-,,#008217,44.4369993,26.1006883
4 Vifornita,functionale,Functionare normala,-,,#008217,44.387629050495,26.101022962633
Modul Bl. 6 Stefan cel Mare,functionale,Functionare normala,-,,#008217,44.4532306,26.1010691
Modul Termic - Centrul de Îngrijire nr.1,functionale,Functionare normala,-,,#008217,44.3820278,26.1013311
2 Stoian Militaru,avarii,Remediere avarie circuit primar   - Conducta DN 700mm- Piata Eroii Revolutiei cu Bd. Pieptanari,Oprire ACC,24.08.2024 15:30,#e0002b,44.3994455,26.1013311
Scoala I Teodoreanu nr.36 - Sala Sport,functionale,Functionare normala,-,,#008217,44.38052,26.10175
Modul Termic - Școala Gimnaziala Ionel Teodoreanu,functionale,Functionare normala,-,,#008217,44.38052,26.10175
Modul Termic - Scoala 110,functionale,Functionare normala,-,,#008217,44.38755,26.10175
Modul Termic - Spitalul Alexandru Obregia ( Creșa 25 ) / Stationar de zi,functionale,Functionare normala,-,,#008217,44.3868396,26.1019417
1 Zona IV,functionale,Functionare normala,-,,#008217,44.381342962667,26.102071038049
Huedin,functionale,Functionare normala,-,,#008217,44.383094497956,26.102480601346
2 Stefan cel Mare,functionale,Functionare normala,-,,#008217,44.452473887142,26.102797744243
P 5 A,deficiente,Lipsa parametrii pentru livrare apă caldă de consum,Deficienta ACC,23.08.2024 23:30,#ffe53e,44.425361,26.10306
Ct Marasesti 3,functionale,Functionare normala,-,,#008217,44.4168825,26.1035795
Ct Marasesti 9-10,functionale,Functionare normala,-,,#008217,44.4168825,26.1035795
Modul Termic - Școala nr.129,functionale,Functionare normala,-,,#008217,44.3850163,26.1046421
Ct Marasesti 11,functionale,Functionare normala,-,,#008217,44.4206301,26.1047833
2 Zona V,functionale,Functionare normala,-,,#008217,44.384658526292,26.104838484162
SC Unirea Shoping Center,functionale,Functionare normala,-,,#008217,44.427833,26.104944
Ct Marasesti 6,functionale,Functionare normala,-,,#008217,44.4236355,26.1050042
Modul Termic - Grădinița nr.4,functionale,Functionare normala,-,,#008217,44.3827552,26.1051016
Dealul Cernei,functionale,Functionare normala,-,,#008217,44.381642433902,26.105116901351
Modul Termic - Grădinița nr.207 - Floare Albastra,functionale,Functionare normala,-,,#008217,44.3814854,26.1053206
Modul Termic - Școala nr.99,functionale,Functionare normala,-,,#008217,44.3819968,26.1053684
6 Vifornita,functionale,Functionare normala,-,,#008217,44.378418106443,26.105414245634
Uioara,functionale,Functionare normala,-,,#008217,44.378447,26.105435
Ct Republicii,functionale,Functionare normala,-,,#008217,44.4361953,26.1055177
1 Zona V,functionale,Functionare normala,-,,#008217,44.3866762,26.1056431
Prasilei,functionale,Functionare normala,-,,#008217,44.391916643434,26.105839910673
Barbu Vacarescu,functionale,Functionare normala,-,,#008217,44.4551644,26.1059908
C3 Căuzaşi,functionale,Functionare normala,-,,#008217,44.4276679,26.1060651
Sincai,avarii,Remediere avarie circuit primar - str.Constantin Radulescu Motru.,Oprire ACC,30.08.2024 23:00,#e0002b,44.414173206729,26.10609475495
B 3 Cauzasi,functionale,Functionare normala,-,,#008217,44.4253034,26.1062371
Ct Mozart,functionale,Functionare normala,-,,#008217,44.4613062,26.1062478
Ct Directie,functionale,Functionare normala,-,,#008217,44.4328351,26.1062559
2 Oltenita Placare,avarii,Remediere avarie circuit primar   - Conducta DN 700mm- Piata Eroii Revolutiei cu Bd. Pieptanari,Oprire ACC,24.08.2024 15:30,#e0002b,44.398713669306,26.106476984162
Modul Termic - Liceul Vulcănescu,functionale,Functionare normala,-,,#008217,44.3847419,26.1068081
Modul Termic - Grădinița Nr.225,functionale,Functionare normala,-,,#008217,44.3865416,26.1070864
Curcani,functionale,Functionare normala,-,,#008217,44.380569,26.107296
Norilor,avarii,Remediere avarie circuit primar - str.Constantin Radulescu Motru.,Oprire ACC,30.08.2024 23:00,#e0002b,44.415164746249,26.107789867011
3 Zona V,functionale,Functionare normala,-,,#008217,44.384573375339,26.107981119744
4 Oltenita Placare,avarii,Remediere avarie circuit primar   - Conducta DN 700mm- Piata Eroii Revolutiei cu Bd. Pieptanari,Oprire ACC,24.08.2024 15:30,#e0002b,44.395891612178,26.108230672484
7 Călăraşi,functionale,Functionare normala,-,,#008217,44.4302894,26.1084422
4 Lanariei,avarii,Remediere avarie circuit primar - str.Constantin Radulescu Motru.,Oprire ACC,30.08.2024 23:00,#e0002b,44.416253484323,26.108552873077
Ct Caporal Balan,functionale,Functionare normala,-,,#008217,44.4223084,26.1089162
5 Brancoveanu,functionale,Functionare normala,-,,#008217,44.391537074242,26.109063779842
1 Tineretului,avarii,Remediere avarie circuit primar - (str./Bd.) Constantin Radulescu Motru,Oprire ACC,30.08.2024 23:00,#e0002b,44.412415871448,26.110004686011
3 Stefan cel Mare,functionale,Functionare normala,-,,#008217,44.452411949595,26.110112645531
3 Oltenita Placare,avarii,Remediere avarie circuit primar   - Conducta DN 700mm- Piata Eroii Revolutiei cu Bd. Pieptanari,Oprire ACC,24.08.2024 15:30,#e0002b,44.400524,26.110186
Observator Astronomic,functionale,Functionare normala,-,,#008217,44.40622,26.1103
Aleea Circului,functionale,Functionare normala,-,,#008217,44.4532304,26.1103072
Sala Polivalenta,functionale,Functionare normala,-,,#008217,44.405366,26.110325
2 Tineretului,avarii,Remediere avarie circuit primar - (str./Bd.) Constantin Radulescu Motru,Oprire ACC,30.08.2024 23:00,#e0002b,44.412216611444,26.110353373161
Galvani Tei,avarii,Remediere avarie Retea Primara,Oprire ACC,29.08.2024 23:30,#e0002b,44.459736244268,26.11061765533
Biblioteca Nationala,functionale,Functionare normala,-,,#008217,44.427333,26.110639
Tribunalul Bucuresti,functionale,Functionare normala,-,,#008217,44.427333,26.110639
6 Zona II,functionale,Functionare normala,-,,#008217,44.385173824756,26.110954182958
2 Lanariei,avarii,Remediere avarie circuit primar - str.Constantin Radulescu Motru.,Oprire ACC,30.08.2024 23:00,#e0002b,44.414994429015,26.111062720949
1 Zona II,functionale,Functionare normala,-,,#008217,44.38079632111,26.111328898883
3 Zona II,functionale,Functionare normala,-,,#008217,44.380826993008,26.111366449804
6 Mărășești,functionale,Functionare normala,-,,#008217,44.420779379125,26.111569424001
6 Brancoveanu,functionale,Functionare normala,-,,#008217,44.394643867895,26.111738694051
2 Nitu Vasile,functionale,Functionare normala,-,,#008217,44.38868,26.111858
BL U114 (UM 02544/B1),functionale,Functionare normala,-,,#008217,44.431641,26.111937
E1,functionale,Functionare normala,-,,#008217,44.427417,26.1124128
1 Oltenita Placare,avarii,Remediere avarie circuit primar   - Conducta DN 700mm- Piata Eroii Revolutiei cu Bd. Pieptanari,Oprire ACC,24.08.2024 15:30,#e0002b,44.396287408723,26.112497292729
3 Nitu Vasile,functionale,Functionare normala,-,,#008217,44.39085,26.11257
Ministerul de Finante,functionale,Functionare normala,-,,#008217,44.419647,26.112575
BCR Unirea,functionale,Functionare normala,-,,#008217,44.42675,26.112583
4 Mărăşeşti,functionale,Functionare normala,-,,#008217,44.423072403401,26.112586271896
4 Zona II,functionale,Functionare normala,-,,#008217,44.378035325242,26.112948168355
SIAC-TIMB,functionale,Functionare normala,-,,#008217,44.462546,26.113097
5 Mărăşeşti,functionale,Functionare normala,-,,#008217,44.420436778383,26.113213832351
5 Zona II,functionale,Functionare normala,-,,#008217,44.38387078867,26.113497720948
3 Tineretului,avarii,Remediere avarie circuit primar - (str./Bd.) Constantin Radulescu Motru,Oprire ACC,30.08.2024 23:00,#e0002b,44.41071864561,26.1136777289
Judetului,avarii,Remediere avarie Retea Primara,Oprire ACC,29.08.2024 23:30,#e0002b,44.4586959,26.1139841
Posta,functionale,Functionare normala,-,,#008217,44.383052351322,26.114064589621
8 Brancoveanu,functionale,Functionare normala,-,,#008217,44.39361699317,26.114225199794
Institutul Boli Infectioase Matei Bals,functionale,Functionare normala,-,,#008217,44.454604,26.114279
Metalurgiei,avarii,Remediere avarie circuit primar - (str./Bd.) Iarba Campului,Oprire ACC,30.08.2024 23:00,#e0002b,44.386737457202,26.114452759835
Complex Comercial,functionale,Functionare normala,-,,#008217,44.39693,26.11472
Opanez,avarii,Remediere avarie Retea Primara,Oprire ACC,29.08.2024 23:30,#e0002b,44.461534099323,26.115513157822
Modul Bl. 23,functionale,Functionare normala,-,,#008217,44.453015,26.115555
Ramuri Tei,avarii,Remediere avarie Retea Primara,Oprire ACC,29.08.2024 23:30,#e0002b,44.4635268,26.1157015
Modul Termic - Colegiul National Octav Onicescu,avarii,Remediere avarie circuit primar - (str./Bd.) Iarba Campului,Oprire ACC,30.08.2024 23:00,#e0002b,44.3862695,26.1157798
3 Mărăşeşti,functionale,Functionare normala,-,,#008217,44.421413449341,26.115808161431
Plugarilor,avarii,Remediere avarie circuit primar - (str./Bd.) Constantin Radulescu Motru,Oprire ACC,30.08.2024 23:00,#e0002b,44.412190063559,26.115848218678
D.C.,functionale,Functionare normala,-,,#008217,44.415619,26.115967
T.S.,functionale,Functionare normala,-,,#008217,44.415619,26.115967
4 Nitu Vasile,functionale,Functionare normala,-,,#008217,44.390884645694,26.116238713641
4 Tineretului,avarii,Remediere avarie circuit primar - (str./Bd.) Constantin Radulescu Motru,Oprire ACC,23.08.2024 23:00,#e0002b,44.409295047197,26.116260968821
2 Oltenitei,avarii,Remediere avarie circuit primar   - Conducta DN 700mm- Piata Eroii Revolutiei cu Bd. Pieptanari,Oprire ACC,24.08.2024 15:30,#e0002b,44.396924554192,26.116447516576
AUTOCENTER,functionale,Functionare normala,-,,#008217,44.441444,26.116503
6 Mosilor,functionale,Functionare normala,-,,#008217,44.441189280039,26.116536292115
2 Mărășești,functionale,Functionare normala,-,,#008217,44.420289903111,26.116844472496
2 Zona II,functionale,Functionare normala,-,,#008217,44.37759796488,26.116932089062
1 Nitu Vasile,functionale,Functionare normala,-,,#008217,44.389940769358,26.116981477426
19 Dolhasca,functionale,Functionare normala,-,,#008217,44.3922097,26.116995
2 A Metalurgiei,avarii,Remediere avarie circuit primar - (str./Bd.) Iarba Campului,Oprire ACC,30.08.2024 23:00,#e0002b,44.3883856,26.1170617
4 Zona I,functionale,Functionare normala,-,,#008217,44.383616062266,26.117068176908
7 Mosilor,functionale,Functionare normala,-,,#008217,44.440074174092,26.117097664565
Complex Comercial,functionale,Functionare normala,-,,#008217,44.39183,26.11729
3 Mosilor,functionale,Functionare normala,-,,#008217,44.44339141713,26.11731680423
RATB-URAC,functionale,Functionare normala,-,,#008217,44.453661,26.117374
9 Brâncoveanu,functionale,Functionare normala,-,,#008217,44.392684134422,26.117443501343
17 Dolhasca,functionale,Functionare normala,-,,#008217,44.394042,26.117482
4 Stefan cel Mare,functionale,Functionare normala,-,,#008217,44.4520234,26.1175694
1 Labirint,functionale,Functionare normala,-,,#008217,44.431054647361,26.118135816644
13 Lacul Tei,avarii,Remediere avarie Retea Primara,Oprire ACC,29.08.2024 23:30,#e0002b,44.4618986,26.1182756
5 Metalurgiei,functionale,Functionare normala,-,,#008217,44.378065295718,26.118363463921
29 Stefan cel Mare,functionale,Functionare normala,-,,#008217,44.4526916,26.1183962
E6,functionale,Functionare normala,-,,#008217,44.4272873,26.1186991
7 Zona I,functionale,Functionare normala,-,,#008217,44.379233,26.11894
5 Oltenita,functionale,Functionare normala,-,,#008217,44.395952170373,26.11902307807
21 Foișor,functionale,Functionare normala,-,,#008217,44.420805164492,26.119679692198
1 Zona I,functionale,Functionare normala,-,,#008217,44.386471,26.119855
Scoala Gimnaziala Nr.189,functionale,Functionare normala,-,,#008217,44.38152,26.11986
2 Vacaresti,avarii,Remediere avarie circuit primar - (str./Bd.) Constantin Radulescu Motru,Oprire ACC,23.08.2024 23:00,#e0002b,44.402289503388,26.120006484811
1 Vacaresti,avarii,Remediere avarie circuit primar - (str./Bd.) Constantin Radulescu Motru,Oprire ACC,23.08.2024 23:00,#e0002b,44.406562899734,26.120041334401
M107,functionale,Functionare normala,-,,#008217,44.4249848,26.1200934
Luncsoara,avarii,Reabilitarea retelei primare de termoficare aferenta Magistralei II Sud-Lot 5-Obiectiv 5,Oprire ACC,30.08.2024 23:30,#e0002b,44.450912311984,26.120118966523
5 Lacul Tei,avarii,Remediere avarie Retea Primara,Oprire ACC,29.08.2024 23:30,#e0002b,44.4628725,26.1204375
F6,functionale,Functionare normala,-,,#008217,44.427067,26.1205503
1 Bis Zona I,functionale,Functionare normala,-,,#008217,44.386231715331,26.120579547003
2 Zona I,functionale,Functionare normala,-,,#008217,44.383072049719,26.120605545611
5 Zona I,functionale,Functionare normala,-,,#008217,44.379951807385,26.120884643721
1 Mărăşeşti,functionale,Functionare normala,-,,#008217,44.423412919384,26.121202279845
1 Mosilor,functionale,Functionare normala,-,,#008217,44.44468378857,26.121203416571
12 Foișor,functionale,Functionare normala,-,,#008217,44.417799604922,26.121324108352
4 Cheile Zanoagei,functionale,Functionare normala,-,,#008217,44.458492884321,26.121422246091
4 Labirint,functionale,Functionare normala,-,,#008217,44.430035348188,26.121550365687
30 Stefan cel Mare,functionale,Functionare normala,-,,#008217,44.4517649,26.1215781
4 Mosilor,functionale,Functionare normala,-,,#008217,44.447126919499,26.121893601914
ICB,avarii,Remediere avarie Retea Primara,Oprire ACC,29.08.2024 23:30,#e0002b,44.462771,26.121958
Sala de Sport UTCB,avarii,Remediere avarie Retea Primara,Oprire ACC,29.08.2024 23:30,#e0002b,44.464046,26.121958
6 Zona I,functionale,Functionare normala,-,,#008217,44.378799,26.122111
3 Cheile Zanoagei,functionale,Functionare normala,-,,#008217,44.461582573308,26.122357997099
11 Foișor,functionale,Functionare normala,-,,#008217,44.418630166332,26.122753704537
5 Mosilor,functionale,Functionare normala,-,,#008217,44.449580024163,26.122853849226
Asociatia Diaconia,functionale,Functionare normala,-,,#008217,44.414968,26.123107
13 Foișor,functionale,Functionare normala,-,,#008217,44.42005700227,26.123356994652
14 Foișor,functionale,Functionare normala,-,,#008217,44.421044311597,26.123675134747
1 Colentina,functionale,Functionare normala,-,,#008217,44.452127590305,26.12367664304
3 Labirint,functionale,Functionare normala,-,,#008217,44.4310235807,26.12427751447
2 Cheile Zanoagei,functionale,Functionare normala,-,,#008217,44.460380612534,26.124608065815
2 Mosilor,functionale,Functionare normala,-,,#008217,44.448063221244,26.124641248663
1 Cheile Zanoagei,functionale,Functionare normala,-,,#008217,44.459084933579,26.124698985992
16 Foișor,functionale,Functionare normala,-,,#008217,44.421960932282,26.12508802834
19 Foișor,functionale,Functionare normala,-,,#008217,44.414937449896,26.125177025844
15 Foișor,functionale,Functionare normala,-,,#008217,44.415878471304,26.125222582959
3 Bis Zona I,functionale,Functionare normala,-,,#008217,44.381149305739,26.125366778702
3 Zona I,functionale,Functionare normala,-,,#008217,44.381149305739,26.125366778702
Ion Maiorescu,functionale,Functionare normala,-,,#008217,44.446521547689,26.12550488294
2 Colentina,functionale,Functionare normala,-,,#008217,44.4521405,26.1255967
Ct Turturele,functionale,Functionare normala,-,,#008217,44.4276675,26.1257568
ALMO,functionale,Functionare normala,-,,#008217,44.449764,26.125831
2 Teiul Doamnei,functionale,Functionare normala,-,,#008217,44.461141708789,26.125906099465
10 Vitan,functionale,Functionare normala,-,,#008217,44.417327288397,26.126259911503
P8 Foisor,functionale,Functionare normala,-,,#008217,44.44595,26.126542
1 Berceni Oltenita,functionale,Functionare normala,-,,#008217,44.390700779569,26.126628591469
J2 Unirii,functionale,Functionare normala,-,,#008217,44.4250933,26.1267818
3 Colentina,functionale,Functionare normala,-,,#008217,44.455070515839,26.126928389148
G3,functionale,Functionare normala,-,,#008217,44.4262842,26.126932
3 Călăraşi,functionale,Functionare normala,-,,#008217,44.432951436049,26.126944371314
P10 Foisor,functionale,Functionare normala,-,,#008217,44.444023,26.127223
Biblioteca Odobescu,functionale,Functionare normala,-,,#008217,44.443965,26.127654
17-18 Petricani,avarii,Remediere avarie Retea Primara,Oprire ACC,29.08.2024 23:30,#e0002b,44.4644793,26.127704
1 Teiul Doamnei,functionale,Functionare normala,-,,#008217,44.4598865995,26.127756636853
Liceul Iulia Hasdeu,functionale,Functionare normala,-,,#008217,44.443865,26.127771
Sabaoani,functionale,Functionare normala,-,,#008217,44.3808968,26.1278384
Ziduri Mosi,functionale,Functionare normala,-,,#008217,44.452143,26.127896
Chiristigii,deficiente,Lipsă parametri pentru livrare apă caldă de consum în perioada reviziei CTE SUD și alimentării din CTE Progresul,Deficienta ACC,31.08.2024 23:00,#ffe53e,44.447326509041,26.127924439428
C.A.,functionale,Functionare normala,-,,#008217,44.407716,26.127998
P7 Foisor,functionale,Functionare normala,-,,#008217,44.444173277368,26.12806364211
P7A Foisor,functionale,Functionare normala,-,,#008217,44.444173277368,26.12806364211
7 Vitan,functionale,Functionare normala,-,,#008217,44.419379323276,26.128455383519
P16 Mihai Bravu,deficiente,Lipsă parametri pentru livrare apă caldă de consum în perioada reviziei CTE SUD și alimentării din CTE Progresul,Deficienta ACC,31.08.2024 23:00,#ffe53e,44.444994219219,26.128648841835
9 Vitan,functionale,Functionare normala,-,,#008217,44.41682203405,26.128856573161
Modul Termic - Școala nr.133,functionale,Functionare normala,-,,#008217,44.3883,26.12887
3 Vaselor,deficiente,Lipsă parametri pentru livrare apă caldă de consum în perioada reviziei CTE SUD și alimentării din CTE Progresul,Deficienta ACC,31.08.2024 23:00,#ffe53e,44.446328142942,26.128912256533
7 IRTA,functionale,Functionare normala,-,,#008217,44.4568374,26.1289913
1 Oltenita Nord,functionale,Functionare normala,-,,#008217,44.392483164384,26.129055642038
5 Călăraşi,functionale,Functionare normala,-,,#008217,44.431374163217,26.129109287925
Modul Termic - Trident,functionale,Functionare normala,-,,#008217,44.38275,26.12918
2 Cornul Caprei,functionale,Functionare normala,-,,#008217,44.423398013129,26.129300577458
Nada Florilor,functionale,Functionare normala,-,,#008217,44.461432789918,26.129386038847
Moldovita,functionale,Functionare normala,-,,#008217,44.38171113331,26.129779720979
2 Berceni Oltenita,functionale,Functionare normala,-,,#008217,44.389081067625,26.130102166329
4 Dudești,functionale,Functionare normala,-,,#008217,44.421506874975,26.130161607456
U1 Avrig,deficiente,Lipsă parametri pentru livrare apă caldă de consum în perioada reviziei CTE SUD și alimentării din CTE Progresul,Deficienta ACC,31.08.2024 23:00,#ffe53e,44.4461498,26.130527
I3,functionale,Functionare normala,-,,#008217,44.4255587,26.1305385
3 Petricani,avarii,Remediere avarie Retea Primara,Oprire ACC,29.08.2024 23:30,#e0002b,44.4628221,26.1306196
1 Republicii,avarii,Remediere avarie circuit primar Dn 500mm-Zona Iancului,Oprire ACC,30.08.2024 23:00,#e0002b,44.441710614965,26.13070950374
4 Colentina,functionale,Functionare normala,-,,#008217,44.459286465278,26.130730316136
Dumitru Petrescu,functionale,Functionare normala,-,,#008217,44.3816507,26.130737
2 Călăraşi,functionale,Functionare normala,-,,#008217,44.430669191467,26.130745005608
7 Colentina,functionale,Functionare normala,-,,#008217,44.455835581978,26.131025935733
6 Vitan,functionale,Functionare normala,-,,#008217,44.416724543903,26.131058120473
5 Colentina,functionale,Functionare normala,-,,#008217,44.459811014592,26.131095096539
1 Dimitrov,avarii,Remediere avarie racord primar,Oprire ACC,23.08.2024 23:00,#e0002b,44.44352,26.13114
U2 Avrig,deficiente,Lipsă parametri pentru livrare apă caldă de consum în perioada reviziei CTE SUD și alimentării din CTE Progresul,Deficienta ACC,31.08.2024 23:00,#ffe53e,44.4460697,26.1312127
3 Berceni Oltenița,functionale,Functionare normala,-,,#008217,44.388391022016,26.131241189752
CEFIN,functionale,Functionare normala,-,,#008217,44.446972,26.131306
5 Cornul Caprei,functionale,Functionare normala,-,,#008217,44.423590318535,26.132061748021
C16 Mihai Bravu,avarii,Remediere avarie circuit primar Dn 500mm-Zona Iancului,Oprire ACC,30.08.2024 23:00,#e0002b,44.4421889,26.1328203
5 Berceni Oltenița,functionale,Functionare normala,-,,#008217,44.384229441684,26.133167315468
Ilarie Chendi,avarii,Remediere avarie circuit primar Dn 500mm-Zona Iancului,Oprire ACC,30.08.2024 23:00,#e0002b,44.440041276184,26.133233349226
4 Berceni Oltenita,functionale,Functionare normala,-,,#008217,44.38692,26.13325
1 Călăraşi,functionale,Functionare normala,-,,#008217,44.431944022885,26.133332361636
6 Colentina,functionale,Functionare normala,-,,#008217,44.4605019,26.1334184
IN CITY,functionale,Functionare normala,-,,#008217,44.420154,26.133433
INTERMACEDONIA,avarii,Remediere avarie circuit primar Dn 500mm-Zona Iancului,Oprire ACC,30.08.2024 23:00,#e0002b,44.441924,26.133466
Mecanica Fina,functionale,Functionare normala,-,,#008217,44.446273,26.133503
1 Laborator,avarii,Reabilitarea sistemului de termoficare al Municipiului Bucuresti Lot 1-Obiectivul 1,Oprire ACC,23.08.2024 20:00,#e0002b,44.418128188483,26.133589904404
S14,functionale,Functionare normala,-,,#008217,44.429671,26.1335993
2 Oltenita Nord,functionale,Functionare normala,-,,#008217,44.390241643096,26.133600264974
Propriu 1,functionale,Functionare normala,-,,#008217,44.3885859,26.1340851
64 Colentina,functionale,Functionare normala,-,,#008217,44.4625036,26.1341763
S6,functionale,Functionare normala,-,,#008217,44.4288294,26.1341874
D18 Mihai Bravu,avarii,Remediere avarie circuit primar Dn 500mm-Zona Iancului,Oprire ACC,30.08.2024 23:00,#e0002b,44.438360802765,26.134342495818
4 Theodor Speranţia,functionale,Functionare normala,-,,#008217,44.427643772709,26.134450464567
2 Vitan,avarii,"Izolare racord PT 2 VITAN,pentru executie lucrari de ""Reabilitare Sistem de Termoficare al Municipiului Bucuresti"" LOT,OB.1-firma ELSACO",Oprire ACC,23.08.2024 20:00,#e0002b,44.413759804623,26.13449706238
4 Iancului,avarii,Remediere avarie circuit primar Dn 500mm-Zona Iancului,Oprire ACC,30.08.2024 23:00,#e0002b,44.441143,26.134771
Propriu 2,functionale,Functionare normala,-,,#008217,44.3880869,26.1348708
Colegiul Tehnic Mihai Bravu,functionale,Functionare normala,-,,#008217,44.419472,26.135111
2 Colentina 2,functionale,Functionare normala,-,,#008217,44.462756,26.135144
3 Theodor Speranţia,functionale,Functionare normala,-,,#008217,44.430716,26.135197
Imobil Nicolau,functionale,Functionare normala,-,,#008217,44.460493,26.135336
7 Berceni Oltenita,functionale,Functionare normala,-,,#008217,44.382201301417,26.135405519137
6 Doamna Ghica,functionale,Functionare normala,-,,#008217,44.459017658526,26.135532415513
SC APA NOVA- sediu COGRM,functionale,Functionare normala,-,,#008217,44.407111,26.135694
D11 Mihai Bravu,avarii,Remediere avarie circuit primar Dn 500mm-Zona Iancului,Oprire ACC,30.08.2024 23:00,#e0002b,44.4393926,26.1357183
V.M.,functionale,Functionare normala,-,,#008217,44.405862,26.13574
22 Pantelimon,avarii,Remediere avarie circuit primar Dn 500mm-Zona Iancului,Oprire ACC,30.08.2024 23:00,#e0002b,44.444295112246,26.135933408101
3 Iancului,avarii,Remediere avarie circuit primar Dn 500mm-Zona Iancului,Oprire ACC,30.08.2024 23:00,#e0002b,44.4419354,26.1360142
3 Unităţii,functionale,Functionare normala,-,,#008217,44.424308266726,26.136026253564
202 Mihai Bravu,avarii,Remediere avarie circuit primar Dn 500mm-Zona Iancului,Oprire ACC,30.08.2024 23:00,#e0002b,44.435393614885,26.136074665796
Sectia 8 Politie,functionale,Functionare normala,-,,#008217,44.438772,26.136102
2 Unităţii,functionale,Functionare normala,-,,#008217,44.423022157269,26.136336299463
16 Răcari,functionale,Functionare normala,-,,#008217,44.413274470197,26.136792235983
7 Doamna Ghica,functionale,Functionare normala,-,,#008217,44.460784338422,26.136793039178
201 Mihai Bravu,deficiente,Lipsă parametri pentru livrare apă caldă de consum în perioada reviziei CTE SUD și alimentării din CTE Progresul,Deficienta ACC,31.08.2024 23:00,#ffe53e,44.433067298938,26.13699093943
Clinica Sfanta Lucia,functionale,Functionare normala,-,,#008217,44.40575,26.137278
D5 Mihai Bravu,avarii,Remediere avarie circuit primar Dn 500mm-Zona Iancului,Oprire ACC,30.08.2024 23:00,#e0002b,44.4367743,26.1373873
6 Berceni Oltenita,functionale,Functionare normala,-,,#008217,44.384965068941,26.137433754027
21 Pantelimon,avarii,Remediere avarie circuit primar Dn 500mm-Zona Iancului,Oprire ACC,30.08.2024 23:00,#e0002b,44.444396965841,26.137619798786
17 Răcari,functionale,Functionare normala,-,,#008217,44.414470607495,26.137660175601
1 Anexa,functionale,Functionare normala,-,,#008217,44.4298755,26.1376994
Dristor Insulă,functionale,Functionare normala,-,,#008217,44.422659710699,26.137736210591
10 Laborator,functionale,Functionare normala,-,,#008217,44.418413007795,26.137769859583
Mihai Bravu Vest,functionale,Functionare normala,-,,#008217,44.4296585,26.1379183
8 Doamna Ghica,functionale,Functionare normala,-,,#008217,44.459524667349,26.138342014877
U1,functionale,Functionare normala,-,,#008217,44.4238669,26.1383645
1 Colentina 3,functionale,Functionare normala,-,,#008217,44.467482042644,26.138744484166
Ct. A1 Dimitrov,functionale,Functionare normala,-,,#008217,44.4488864,26.1387796
2 Iancului,avarii,Remediere avarie circuit primar Dn 500mm-Zona Iancului,Oprire ACC,30.08.2024 23:00,#e0002b,44.442193,26.139021
15 Răcari,functionale,Functionare normala,-,,#008217,44.414149569828,26.139050487211
1 Vitan,functionale,Functionare normala,-,,#008217,44.410246153624,26.139067951241
Metalurgica,functionale,Functionare normala,-,,#008217,44.440961,26.13911
SC ICPE SA,functionale,Functionare normala,-,,#008217,44.404884,26.139532
20 Pantelimon,avarii,Remediere avarie circuit primar Dn 500mm-Zona Iancului,Oprire ACC,30.08.2024 23:00,#e0002b,44.445179,26.139575
11 Laborator,functionale,Functionare normala,-,,#008217,44.417523116508,26.139666312047
2 Colentina 3,functionale,Functionare normala,-,,#008217,44.466636859339,26.139962385144
5 Doamna Ghica,functionale,Functionare normala,-,,#008217,44.456060349344,26.139997434485
Fundatia Victor Babes,functionale,Functionare normala,-,,#008217,44.427775,26.140155
Spital Victor Babes,functionale,Functionare normala,-,,#008217,44.426384,26.140414
S1-S3,functionale,Functionare normala,-,,#008217,44.426368,26.140425
18 KLM,avarii,Reabilitarea sistemului de termoficare al Municipiului Bucuresti Lot 1-Obiectivul 1,Oprire ACC,23.08.2024 20:00,#e0002b,44.411125500011,26.140755567054
E2 Vatra Luminoasa,avarii,Remediere avarie circuit primar Dn 500mm-Zona Iancului,Oprire ACC,30.08.2024 23:00,#e0002b,44.4377975,26.1407758
SC.3Dudesti,functionale,Functionare normala,-,,#008217,44.420650655167,26.140884591716
1 Fundeni,functionale,Functionare normala,-,,#008217,44.465215832776,26.140920169489
Ct B1 Dimitrov,functionale,Functionare normala,-,,#008217,44.4476523,26.1409217
9 Laborator,functionale,Functionare normala,-,,#008217,44.418458983432,26.14118554273
Universitatea Tehnica OGA,functionale,Functionare normala,-,,#008217,44.4665,26.141194
19 Pantelimon,avarii,Remediere avarie circuit primar Dn 500mm-Zona Iancului,Oprire ACC,30.08.2024 23:00,#e0002b,44.443873145797,26.141506530189
Spitalul Victor Gomoiu - Nou,functionale,Functionare normala,-,,#008217,44.433494,26.141762
1 Nicolae Pascu,functionale,Functionare normala,-,,#008217,44.408993138513,26.141831999525
12Tomis,functionale,Functionare normala,-,,#008217,44.415008656658,26.14187566521
3 Papiu Ilarian,functionale,Functionare normala,-,,#008217,44.4219468,26.1419627
M1,functionale,Functionare normala,-,,#008217,44.425114595678,26.14208088292
Vila 71A,avarii,Remediere avarie circuit primar Dn 500mm-Zona Iancului,Oprire ACC,30.08.2024 23:00,#e0002b,44.4374596,26.1421115
H1 Victor Manu,avarii,Remediere avarie circuit primar Dn 500mm-Zona Iancului,Oprire ACC,30.08.2024 23:00,#e0002b,44.4368622,26.1421398
2 Fundeni,functionale,Functionare normala,-,,#008217,44.462891,26.142306
2 Papiu Ilarian,functionale,Functionare normala,-,,#008217,44.419880634197,26.142653568822
1 Tomis,functionale,Functionare normala,-,,#008217,44.417572959814,26.142784639426
14 Tomis,functionale,Functionare normala,-,,#008217,44.411741713222,26.142864060871
Modul Bl.20,functionale,Functionare normala,-,,#008217,44.4549888,26.1432111
2Stejarului,functionale,Functionare normala,-,,#008217,44.428173174742,26.143249443414
C1 Vatra Luminoasa,avarii,Remediere avarie circuit primar Dn 500mm-Zona Iancului,Oprire ACC,30.08.2024 23:00,#e0002b,44.438674977805,26.14380775646
23 Baicului,avarii,Remediere avarie circuit primar Dn 500mm-Zona Iancului,Oprire ACC,30.08.2024 23:00,#e0002b,44.44574835098,26.144183842109
18 Pantelimon,avarii,Remediere avarie circuit primar Dn 500mm-Zona Iancului,Oprire ACC,30.08.2024 23:00,#e0002b,44.444625814743,26.144263828341
13 Tomis,functionale,Functionare normala,-,,#008217,44.4147779026,26.14434861549
33 Muncii,functionale,Functionare normala,-,,#008217,44.4320571,26.1445292
1 Colentina Socului,avarii,Remediere avarie circuit primar conducta DN-800,Oprire ACC,23.08.2024 23:00,#e0002b,44.454552129591,26.144975274346
1X,functionale,Functionare normala,-,,#008217,44.428259164275,26.145387805608
1Catelu,functionale,Functionare normala,-,,#008217,44.431554,26.145673
IAGSC,functionale,Functionare normala,-,,#008217,44.408984,26.146269
BAZINE,functionale,Functionare normala,-,,#008217,44.435666,26.146428
3Catelu,functionale,Functionare normala,-,,#008217,44.426510990976,26.1466642732
SC.1Dudesti,functionale,Functionare normala,-,,#008217,44.42064683059,26.146671467669
Laborator Constructii Buc SA,functionale,Functionare normala,-,,#008217,44.408723,26.146679
Youth Residence,functionale,Functionare normala,-,,#008217,44.406861,26.14675
1 Iancului,avarii,Remediere avarie circuit primar Dn 500mm-Zona Iancului,Oprire ACC,30.08.2024 23:00,#e0002b,44.443045,26.146751
P. M.,functionale,Functionare normala,-,,#008217,44.402909,26.146836
3 Fundeni,functionale,Functionare normala,-,,#008217,44.465167211704,26.147026165983
5Catelu,functionale,Functionare normala,-,,#008217,44.431598,26.147095
SC.1Baba Novac,functionale,Functionare normala,-,,#008217,44.424383,26.147097
O.P.,functionale,Functionare normala,-,,#008217,44.403447,26.14715
P.D.,functionale,Functionare normala,-,,#008217,44.403173,26.147206
1XA,functionale,Functionare normala,-,,#008217,44.42819712767,26.147306463333
C.C.,functionale,Functionare normala,-,,#008217,44.402745,26.147326
1 Matei Ambrozie,functionale,Functionare normala,-,,#008217,44.411839591958,26.147422392758
Fundatia Romania Spiru Haret,functionale,Functionare normala,-,,#008217,44.406639,26.147444
H.B-E.,functionale,Functionare normala,-,,#008217,44.402975,26.147546
S.M.,functionale,Functionare normala,-,,#008217,44.403087,26.147665
2 Nicolae Pascu,functionale,Functionare normala,-,,#008217,44.409458837818,26.147745319745
24A,functionale,Functionare normala,-,,#008217,44.425405898109,26.147888822752
2 Colentina Socului,avarii,Remediere avarie circuit primar conducta DN-800,Oprire ACC,23.08.2024 23:00,#e0002b,44.453086246008,26.147966500234
SC STARCONFEX,functionale,Functionare normala,-,,#008217,44.407479,26.14803
3 Colentina Socului,avarii,Remediere avarie circuit primar conducta DN-800,Oprire ACC,23.08.2024 23:00,#e0002b,44.4522064,26.1480302
5 Iancului,avarii,Remediere avarie circuit primar Dn 500mm-Zona Iancului,Oprire ACC,30.08.2024 23:00,#e0002b,44.4425794,26.1481048
6Catelu,functionale,Functionare normala,-,,#008217,44.429262907936,26.148194990025
Filiala ICEMENERG,functionale,Functionare normala,-,,#008217,44.405056,26.148556
17 Pantelimon,functionale,Functionare normala,-,,#008217,44.4442947,26.1486281
1 Șulea Nord,functionale,Functionare normala,-,,#008217,44.417574523119,26.148635745529
Bl.100,avarii,Remediere avarie circuit primar Dn 500mm-Zona Iancului,Oprire ACC,30.08.2024 23:00,#e0002b,44.4434114,26.1486787
SC.4Catelu,functionale,Functionare normala,-,,#008217,44.42891036297,26.148695015439
7X,functionale,Functionare normala,-,,#008217,44.423535786933,26.149599708702
2 Tomis,functionale,Functionare normala,-,,#008217,44.415582511383,26.149921086738
9 Catelu,functionale,Functionare normala,-,,#008217,44.429737048126,26.150138060181
4' Pantelimon,functionale,Functionare normala,-,,#008217,44.444054,26.150148
4 Colentina Socului,avarii,Remediere avarie circuit primar conducta DN-800,Oprire ACC,23.08.2024 23:00,#e0002b,44.451935552735,26.150178060912
2Catelu,functionale,Functionare normala,-,,#008217,44.427161203459,26.150486465649
SC.2Catelu,functionale,Functionare normala,-,,#008217,44.427161203459,26.150486465649
A2 Basarabia,functionale,Functionare normala,-,,#008217,44.4329235,26.1509421
2 Șulea,functionale,Functionare normala,-,,#008217,44.416985410842,26.151153301352
3 Tomis,functionale,Functionare normala,-,,#008217,44.414419917699,26.152023310194
3 Șulea,functionale,Functionare normala,-,,#008217,44.417929943171,26.15358188979
9 Placare-T,functionale,Functionare normala,-,,#008217,44.41344,26.153604
4 Pantelimon,functionale,Functionare normala,-,,#008217,44.44388599676,26.153896119747
A4 Basarabia,functionale,Functionare normala,-,,#008217,44.43308,26.1548599
5 Pantelimon,functionale,Functionare normala,-,,#008217,44.441428180074,26.154864073099
10 Matei Ambrozie,avarii,Remediere  avarie circuit primar,Oprire ACC,23.08.2024 22:00,#e0002b,44.415968337742,26.15489129189
Liceul Dimitrie Leonida,functionale,Functionare normala,-,,#008217,44.433816,26.155001
3 Socului,functionale,Functionare normala,-,,#008217,44.439809,26.156146
Sp. Fundeni,functionale,Functionare normala,-,,#008217,44.465364,26.156158
IOR,functionale,Functionare normala,-,,#008217,44.430177,26.156194
9C4/2,functionale,Functionare normala,-,,#008217,44.416678975647,26.157069172601
1Muncii,functionale,Functionare normala,-,,#008217,44.433784127972,26.157694326963
2 Voiniceni,functionale,Functionare normala,-,,#008217,44.437179303158,26.158070439322
4C4/2,functionale,Functionare normala,-,,#008217,44.416242436617,26.158187259019
PT Scoala Ilioara,functionale,Functionare normala,-,,#008217,44.410453020198,26.158395060836
4 Socului,functionale,Functionare normala,-,,#008217,44.436122139726,26.158679897014
5 Socului,functionale,Functionare normala,-,,#008217,44.439798,26.158728
6 Pantelimon,functionale,Functionare normala,-,,#008217,44.4433155,26.1588575
8 C4/2,functionale,Functionare normala,-,,#008217,44.423698953008,26.158940195893
3X,functionale,Functionare normala,-,,#008217,44.43337195163,26.159412894087
Parohia Bisericii Balta Alba,functionale,Functionare normala,-,,#008217,44.434333,26.159944
8 Placare-T,functionale,Functionare normala,-,,#008217,44.412379993968,26.160062280551
1 Socului,functionale,Functionare normala,-,,#008217,44.438338311125,26.160771703201
D 16,functionale,Functionare normala,-,,#008217,44.429904793384,26.160802166973
INCERC,functionale,Functionare normala,-,,#008217,44.440664,26.160846
1 Carei,functionale,Functionare normala,-,,#008217,44.436316336103,26.161319145551
13 Pantelimon,functionale,Functionare normala,-,,#008217,44.4423038,26.1615087
7 C4/2,functionale,Functionare normala,-,,#008217,44.422510319579,26.161838957175
C4,functionale,Functionare normala,-,,#008217,44.43248485554,26.162094813778
7 Placare-T,functionale,Functionare normala,-,,#008217,44.412199439161,26.162141939986
5 C4/2,functionale,Functionare normala,-,,#008217,44.414426037014,26.162280048278
24 Delfinului,avarii,Remediere avarie circuit primar conducta DN-800,Oprire ACC,23.08.2024 23:00,#e0002b,44.444122161601,26.162282683397
6C4/2,functionale,Functionare normala,-,,#008217,44.419406578109,26.162431708624
7 Muncii,avarii,Remediere avarie circuit primar - Zona Basarabia,Oprire ACC,23.08.2024 23:00,#e0002b,44.436606873327,26.16290386386
C.F.,functionale,Functionare normala,-,,#008217,44.407139,26.162917
B.N.,functionale,Functionare normala,-,,#008217,44.406528,26.162944
Z.A.,functionale,Functionare normala,-,,#008217,44.406389,26.163056
7 Pantelimon,functionale,Functionare normala,-,,#008217,44.443113,26.163193
SC.3C3/1,functionale,Functionare normala,-,,#008217,44.434949,26.163942
2 Baia de Arama,avarii,Remediere avarie circuit primar - (str./Bd.Basarabia),Oprire ACC,23.08.2024 23:30,#e0002b,44.435041440153,26.164063528901
1 C3/1,functionale,Functionare normala,-,,#008217,44.432576444788,26.164120976753
4XA,avarii,Remediere avarie retea primara tronson CV7-CG5-CGS,Oprire ACC,23.08.2024 23:00,#e0002b,44.425684399599,26.164256898084
8X,functionale,Functionare normala,-,,#008217,44.428732862098,26.164284757827
M14,functionale,Functionare normala,-,,#008217,44.430239950699,26.164821616478
5Placare-T,functionale,Functionare normala,-,,#008217,44.410525296612,26.164878355582
1 C5/1,functionale,Functionare normala,-,,#008217,44.422963473235,26.165034386053
14 C5/2,functionale,Functionare normala,-,,#008217,44.414625074846,26.165138400148
Spitalul Constantin Gorgos,functionale,Functionare normala,-,,#008217,44.42075,26.165306
Asociatia Medicala TITAN,functionale,Functionare normala,-,,#008217,44.42075,26.165306
8 Muncii,avarii,Remediere avarie circuit primar - Zona Basarabia,Oprire ACC,23.08.2024 23:00,#e0002b,44.437298987303,26.165320448924
4Placare-T,functionale,Functionare normala,-,,#008217,44.411901076775,26.165768001352
SC.2Viisoara,functionale,Functionare normala,-,,#008217,44.42819,26.16594
1 Nufarul,avarii,Remediere avarie retea primara tronson CV7-CG5-CGS,Oprire ACC,23.08.2024 23:00,#e0002b,44.424850872174,26.166077592891
4X,avarii,Remediere avarie retea primara tronson CV7-CG5-CGS,Oprire ACC,23.08.2024 23:00,#e0002b,44.426610607656,26.166479324092
SC.G3,functionale,Functionare normala,-,,#008217,44.431161346397,26.166555258132
SC.G2,functionale,Functionare normala,-,,#008217,44.433178642701,26.167490509867
2 C5/1,avarii,Remediere avarie retea primara tronson CV7-CG5-CGS,Oprire ACC,23.08.2024 23:00,#e0002b,44.423883141331,26.168492290267
15 C5/2,functionale,Functionare normala,-,,#008217,44.414496649141,26.168737515476
1L. Patrascanu,functionale,Functionare normala,-,,#008217,44.435290160568,26.168910455302
SC.4C3/2,functionale,Functionare normala,-,,#008217,44.426114963011,26.169474887703
5X,functionale,Functionare normala,-,,#008217,44.429545954854,26.169704528374
1 Hatisului,functionale,Functionare normala,-,,#008217,44.445341554123,26.169759214288
8 Pantelimon,functionale,Functionare normala,-,,#008217,44.4427056,26.1698271
4C5/1,functionale,Functionare normala,-,,#008217,44.41849837055,26.170011235647
Directia Generala a Finantelor Publice,functionale,Functionare normala,-,,#008217,44.432733,26.170043
3 C5/1,functionale,Functionare normala,-,,#008217,44.417417626836,26.170082315207
MY,functionale,Functionare normala,-,,#008217,44.435973989097,26.170867995729
9 Pantelimon,functionale,Functionare normala,-,,#008217,44.441830977511,26.170926536434
SC.1Cornisa,functionale,Functionare normala,-,,#008217,44.431364890841,26.170994379364
1CORNISA,functionale,Functionare normala,-,,#008217,44.431364890841,26.170994379364
Lic. Nichita Stanescu,functionale,Functionare normala,-,,#008217,44.433806,26.171111
7C3/2,functionale,Functionare normala,-,,#008217,44.428428923439,26.171201593318
6Placare-T,deficiente,Lipsa parametrii pentru livrare apa calda de consum in perioada reviziei CTE Sud si alimentarii din CTE Progresul,Deficienta ACC,31.08.2024 23:00,#ffe53e,44.409617281794,26.17147765595
18 C5/2,functionale,Functionare normala,-,,#008217,44.414433834924,26.171497948518
5 C3/2,functionale,Functionare normala,-,,#008217,44.426315268956,26.172041812449
16 Vergului,functionale,Functionare normala,-,,#008217,44.438149411793,26.172563884829
P.D.,functionale,Functionare normala,-,,#008217,44.431139,26.172722
Scoala Arte si Meserii,functionale,Functionare normala,-,,#008217,44.443659,26.172722
Biserica Marcuta,functionale,Functionare normala,-,,#008217,44.444579,26.1728
13 C5/2,deficiente,Lipsa parametrii pentru livrare apa calda de consum in perioada reviziei CTE Sud si alimentarii din CTE Progresul,Deficienta ACC,31.08.2024 23:00,#ffe53e,44.412416425889,26.172854420616
Spitalul Sfantu Pantelimon,functionale,Functionare normala,-,,#008217,44.441257,26.17304
17 C5/2,avarii,Remediere avarie retea primara tronson CV7-CG5-CGS,Oprire ACC,23.08.2024 23:00,#e0002b,44.421162624555,26.17370415348
1Placare-T,functionale,Functionare normala,-,,#008217,44.408871946674,26.174141581033
8C3/2,functionale,Functionare normala,-,,#008217,44.428819508804,26.174224981189
2 Placare-T,functionale,Functionare normala,-,,#008217,44.405837749762,26.174757171313
5 C5/2,avarii,Remediere avarie retea primara tronson CV7-CG5-CGS,Oprire ACC,23.08.2024 23:00,#e0002b,44.422311731477,26.17490546085
6 C5/2,avarii,Remediere avarie retea primara tronson CV7-CG5-CGS,Oprire ACC,23.08.2024 23:00,#e0002b,44.418225379862,26.175192049848
Infoservice,functionale,Functionare normala,-,,#008217,44.438646,26.175272
12 C5/2,functionale,Functionare normala,-,,#008217,44.412252237946,26.175364827674
10 Pantelimon,functionale,Functionare normala,-,,#008217,44.439970758232,26.175389836374
SC.6C3/2,avarii,Remediere avarie retea primara tronson CV7-CG5-CGS,Oprire ACC,23.08.2024 23:00,#e0002b,44.425507801638,26.175493379008
6X,avarii,Remediere avarie retea primara tronson CV7-CG5-CGS,Oprire ACC,23.08.2024 23:00,#e0002b,44.427268506204,26.175814231754998
8A,functionale,Functionare normala,-,,#008217,44.415002282063,26.176025562158
14 Pantelimon,functionale,Functionare normala,-,,#008217,44.442673632762,26.176152566373
CONDOR,functionale,Functionare normala,-,,#008217,44.438532,26.176155
P.Dr.,functionale,Functionare normala,-,,#008217,44.425109,26.176806
V.E.A.,functionale,Functionare normala,-,,#008217,44.416839,26.176948
L.P.,functionale,Functionare normala,-,,#008217,44.416983,26.177146
11 C5/2,functionale,Functionare normala,-,,#008217,44.413925793017,26.177264921577
8 C5/2,functionale,Functionare normala,-,,#008217,44.417845889585,26.177313867111
3 Placare-T,functionale,Functionare normala,-,,#008217,44.4081905985,26.17771609698
23 C5/2,avarii,Remediere avarie retea primara tronson CV7-CG5-CGS,Oprire ACC,23.08.2024 23:00,#e0002b,44.422471034674,26.178008578144
11 Pantelimon,functionale,Functionare normala,-,,#008217,44.43989588642,26.178545035088
9 C5/2,functionale,Functionare normala,-,,#008217,44.416582456464,26.178722309387
10 Nefamilisti,avarii,Remediere avarie retea primara tronson CV7-CG5-CGS,Oprire ACC,23.08.2024 23:00,#e0002b,44.423988948948,26.17879244553
Spitalul Malaxa,functionale,Functionare normala,-,,#008217,44.438545,26.178922
10 C5/2,functionale,Functionare normala,-,,#008217,44.413851847201,26.179507746862
24 C5/2,functionale,Functionare normala,-,,#008217,44.410460896109,26.180190150428
15 ABC,functionale,Functionare normala,-,,#008217,44.4398103,26.1816397
SC IOR SA,functionale,Functionare normala,-,,#008217,44.410972,26.181806
Cosmos Vechi,functionale,Functionare normala,-,,#008217,44.4415445,26.1821383
Cosmos Extindere,functionale,Functionare normala,-,,#008217,44.441399551104,26.182280633416
16 C5/2,functionale,Functionare normala,-,,#008217,44.413559535412,26.18399300413
21 C5/2,functionale,Functionare normala,-,,#008217,44.417138835453,26.184205406883
